,miRNA,disease,label
0,1,1,1
36,1,37,1
49,1,50,1
53,1,54,1
58,1,59,1
60,1,61,1
64,1,65,1
91,1,92,1
119,1,120,1
158,1,159,1
162,1,163,1
168,1,169,1
173,1,174,1
209,1,210,1
235,1,236,1
239,1,240,1
251,1,252,1
252,1,253,1
261,1,262,1
268,1,269,1
281,1,282,1
303,1,304,1
335,1,336,1
338,1,339,1
340,1,341,1
349,1,350,1
363,1,364,1
383,2,1,1
388,2,6,1
393,2,11,1
423,2,41,1
432,2,50,1
441,2,59,1
443,2,61,1
445,2,63,1
450,2,68,1
458,2,76,1
475,2,93,1
477,2,95,1
479,2,97,1
508,2,126,1
524,2,142,1
529,2,147,1
538,2,156,1
545,2,163,1
553,2,171,1
582,2,200,1
601,2,219,1
618,2,236,1
635,2,253,1
639,2,257,1
640,2,258,1
689,2,307,1
714,2,332,1
746,2,364,1
759,2,377,1
760,2,378,1
763,2,381,1
766,3,1,1
797,3,32,1
815,3,50,1
824,3,59,1
826,3,61,1
830,3,65,1
833,3,68,1
858,3,93,1
860,3,95,1
891,3,126,1
924,3,159,1
928,3,163,1
1001,3,236,1
1005,3,240,1
1036,3,271,1
1039,3,274,1
1069,3,304,1
1097,3,332,1
1141,3,376,1
1150,4,2,1
1207,4,59,1
1243,4,95,1
1384,4,236,1
1386,4,238,1
1387,4,239,1
1476,4,328,1
1501,4,353,1
1533,5,2,1
1547,5,16,1
1557,5,26,1
1574,5,43,1
1581,5,50,1
1590,5,59,1
1623,5,92,1
1624,5,93,1
1628,5,97,1
1639,5,108,1
1652,5,121,1
1666,5,135,1
1676,5,145,1
1694,5,163,1
1700,5,169,1
1702,5,171,1
1707,5,176,1
1722,5,191,1
1724,5,193,1
1728,5,197,1
1733,5,202,1
1747,5,216,1
1750,5,219,1
1751,5,220,1
1758,5,227,1
1760,5,229,1
1763,5,232,1
1767,5,236,1
1772,5,241,1
1784,5,253,1
1786,5,255,1
1788,5,257,1
1792,5,261,1
1795,5,264,1
1802,5,271,1
1806,5,275,1
1813,5,282,1
1833,5,302,1
1835,5,304,1
1841,5,310,1
1852,5,321,1
1859,5,328,1
1872,5,341,1
1873,5,342,1
1884,5,353,1
1885,5,354,1
1886,5,355,1
1895,5,364,1
1907,5,376,1
1916,6,2,1
1930,6,16,1
1940,6,26,1
1949,6,35,1
1957,6,43,1
1964,6,50,1
1973,6,59,1
1975,6,61,1
1978,6,64,1
2001,6,87,1
2006,6,92,1
2022,6,108,1
2037,6,123,1
2049,6,135,1
2077,6,163,1
2085,6,171,1
2112,6,198,1
2116,6,202,1
2130,6,216,1
2133,6,219,1
2134,6,220,1
2141,6,227,1
2143,6,229,1
2150,6,236,1
2151,6,237,1
2155,6,241,1
2167,6,253,1
2174,6,260,1
2175,6,261,1
2178,6,264,1
2185,6,271,1
2193,6,279,1
2196,6,282,1
2202,6,288,1
2216,6,302,1
2218,6,304,1
2221,6,307,1
2224,6,310,1
2235,6,321,1
2237,6,323,1
2242,6,328,1
2255,6,341,1
2256,6,342,1
2267,6,353,1
2269,6,355,1
2291,6,377,1
2300,7,3,1
2303,7,6,1
2308,7,11,1
2330,7,33,1
2338,7,41,1
2347,7,50,1
2350,7,53,1
2356,7,59,1
2358,7,61,1
2360,7,63,1
2380,7,83,1
2389,7,92,1
2390,7,93,1
2407,7,110,1
2416,7,119,1
2417,7,120,1
2423,7,126,1
2439,7,142,1
2442,7,145,1
2456,7,159,1
2460,7,163,1
2477,7,180,1
2483,7,186,1
2488,7,191,1
2516,7,219,1
2533,7,236,1
2536,7,239,1
2544,7,247,1
2550,7,253,1
2552,7,255,1
2565,7,268,1
2566,7,269,1
2578,7,281,1
2579,7,282,1
2601,7,304,1
2604,7,307,1
2611,7,314,1
2614,7,317,1
2625,7,328,1
2638,7,341,1
2642,7,345,1
2645,7,348,1
2646,7,349,1
2659,7,362,1
2661,7,364,1
2683,8,3,1
2708,8,28,1
2720,8,40,1
2721,8,41,1
2730,8,50,1
2736,8,56,1
2739,8,59,1
2743,8,63,1
2762,8,82,1
2766,8,86,1
2772,8,92,1
2773,8,93,1
2799,8,119,1
2800,8,120,1
2806,8,126,1
2839,8,159,1
2844,8,164,1
2849,8,169,1
2885,8,205,1
2917,8,237,1
2933,8,253,1
2937,8,257,1
2962,8,282,1
2966,8,286,1
2984,8,304,1
3008,8,328,1
3044,8,364,1
3050,8,370,1
3057,8,377,1
3066,9,3,1
3069,9,6,1
3074,9,11,1
3098,9,35,1
3104,9,41,1
3113,9,50,1
3124,9,61,1
3126,9,63,1
3127,9,64,1
3128,9,65,1
3153,9,90,1
3155,9,92,1
3156,9,93,1
3170,9,107,1
3183,9,120,1
3189,9,126,1
3208,9,145,1
3210,9,147,1
3218,9,155,1
3222,9,159,1
3236,9,173,1
3273,9,210,1
3282,9,219,1
3289,9,226,1
3299,9,236,1
3304,9,241,1
3315,9,252,1
3316,9,253,1
3318,9,255,1
3325,9,262,1
3332,9,269,1
3345,9,282,1
3359,9,296,1
3365,9,302,1
3370,9,307,1
3384,9,321,1
3391,9,328,1
3399,9,336,1
3406,9,343,1
3427,9,364,1
3440,9,377,1
3441,9,378,1
3446,9,383,1
3449,10,3,1
3452,10,6,1
3457,10,11,1
3481,10,35,1
3487,10,41,1
3490,10,44,1
3496,10,50,1
3499,10,53,1
3500,10,54,1
3505,10,59,1
3507,10,61,1
3509,10,63,1
3510,10,64,1
3511,10,65,1
3532,10,86,1
3536,10,90,1
3537,10,91,1
3538,10,92,1
3539,10,93,1
3566,10,120,1
3569,10,123,1
3572,10,126,1
3591,10,145,1
3593,10,147,1
3605,10,159,1
3609,10,163,1
3619,10,173,1
3620,10,174,1
3631,10,185,1
3635,10,189,1
3652,10,206,1
3665,10,219,1
3682,10,236,1
3683,10,237,1
3687,10,241,1
3698,10,252,1
3699,10,253,1
3700,10,254,1
3708,10,262,1
3715,10,269,1
3728,10,282,1
3736,10,290,1
3748,10,302,1
3750,10,304,1
3753,10,307,1
3773,10,327,1
3774,10,328,1
3782,10,336,1
3793,10,347,1
3794,10,348,1
3801,10,355,1
3810,10,364,1
3812,10,366,1
3823,10,377,1
3824,10,378,1
3826,10,380,1
3829,10,383,1
3832,11,3,1
3837,11,8,1
3863,11,34,1
3888,11,59,1
3890,11,61,1
3892,11,63,1
3895,11,66,1
3898,11,69,1
3922,11,93,1
3949,11,120,1
3955,11,126,1
3992,11,163,1
3998,11,169,1
4003,11,174,1
4007,11,178,1
4011,11,182,1
4014,11,185,1
4039,11,210,1
4048,11,219,1
4065,11,236,1
4068,11,239,1
4069,11,240,1
4070,11,241,1
4079,11,250,1
4090,11,261,1
4100,11,271,1
4111,11,282,1
4131,11,302,1
4136,11,307,1
4148,11,319,1
4159,11,330,1
4169,11,340,1
4176,11,347,1
4184,11,355,1
4185,11,356,1
4193,11,364,1
4215,12,3,1
4242,12,30,1
4243,12,31,1
4244,12,32,1
4250,12,38,1
4262,12,50,1
4271,12,59,1
4273,12,61,1
4277,12,65,1
4304,12,92,1
4319,12,107,1
4338,12,126,1
4357,12,145,1
4371,12,159,1
4381,12,169,1
4410,12,198,1
4417,12,205,1
4422,12,210,1
4424,12,212,1
4428,12,216,1
4431,12,219,1
4441,12,229,1
4452,12,240,1
4453,12,241,1
4457,12,245,1
4465,12,253,1
4472,12,260,1
4473,12,261,1
4481,12,269,1
4484,12,272,1
4494,12,282,1
4502,12,290,1
4509,12,297,1
4514,12,302,1
4519,12,307,1
4523,12,311,1
4529,12,317,1
4530,12,318,1
4540,12,328,1
4550,12,338,1
4565,12,353,1
4568,12,356,1
4589,12,377,1
4598,13,3,1
4600,13,5,1
4601,13,6,1
4606,13,11,1
4612,13,17,1
4627,13,32,1
4634,13,39,1
4645,13,50,1
4648,13,53,1
4654,13,59,1
4656,13,61,1
4658,13,63,1
4660,13,65,1
4687,13,92,1
4688,13,93,1
4692,13,97,1
4726,13,131,1
4740,13,145,1
4742,13,147,1
4758,13,163,1
4766,13,171,1
4775,13,180,1
4801,13,206,1
4805,13,210,1
4807,13,212,1
4811,13,216,1
4817,13,222,1
4826,13,231,1
4835,13,240,1
4836,13,241,1
4840,13,245,1
4844,13,249,1
4848,13,253,1
4855,13,260,1
4856,13,261,1
4864,13,269,1
4877,13,282,1
4892,13,297,1
4897,13,302,1
4899,13,304,1
4902,13,307,1
4905,13,310,1
4906,13,311,1
4912,13,317,1
4914,13,319,1
4923,13,328,1
4931,13,336,1
4951,13,356,1
4957,13,362,1
4959,13,364,1
4960,13,365,1
4973,13,378,1
4981,14,3,1
4984,14,6,1
4985,14,7,1
4990,14,12,1
4991,14,13,1
4992,14,14,1
4994,14,16,1
5003,14,25,1
5004,14,26,1
5006,14,28,1
5012,14,34,1
5013,14,35,1
5016,14,38,1
5019,14,41,1
5024,14,46,1
5027,14,49,1
5028,14,50,1
5031,14,53,1
5033,14,55,1
5036,14,58,1
5037,14,59,1
5038,14,60,1
5039,14,61,1
5041,14,63,1
5042,14,64,1
5043,14,65,1
5045,14,67,1
5046,14,68,1
5047,14,69,1
5048,14,70,1
5060,14,82,1
5061,14,83,1
5068,14,90,1
5070,14,92,1
5071,14,93,1
5073,14,95,1
5076,14,98,1
5080,14,102,1
5081,14,103,1
5083,14,105,1
5085,14,107,1
5086,14,108,1
5094,14,116,1
5097,14,119,1
5101,14,123,1
5104,14,126,1
5105,14,127,1
5110,14,132,1
5113,14,135,1
5114,14,136,1
5123,14,145,1
5124,14,146,1
5125,14,147,1
5130,14,152,1
5132,14,154,1
5137,14,159,1
5140,14,162,1
5141,14,163,1
5149,14,171,1
5154,14,176,1
5158,14,180,1
5163,14,185,1
5164,14,186,1
5166,14,188,1
5169,14,191,1
5170,14,192,1
5176,14,198,1
5183,14,205,1
5184,14,206,1
5187,14,209,1
5188,14,210,1
5194,14,216,1
5202,14,224,1
5205,14,227,1
5210,14,232,1
5214,14,236,1
5215,14,237,1
5218,14,240,1
5219,14,241,1
5221,14,243,1
5224,14,246,1
5230,14,252,1
5231,14,253,1
5233,14,255,1
5235,14,257,1
5238,14,260,1
5239,14,261,1
5240,14,262,1
5242,14,264,1
5247,14,269,1
5249,14,271,1
5250,14,272,1
5251,14,273,1
5253,14,275,1
5254,14,276,1
5260,14,282,1
5263,14,285,1
5268,14,290,1
5271,14,293,1
5272,14,294,1
5274,14,296,1
5278,14,300,1
5280,14,302,1
5281,14,303,1
5282,14,304,1
5285,14,307,1
5297,14,319,1
5301,14,323,1
5306,14,328,1
5308,14,330,1
5312,14,334,1
5314,14,336,1
5316,14,338,1
5323,14,345,1
5325,14,347,1
5333,14,355,1
5335,14,357,1
5340,14,362,1
5342,14,364,1
5348,14,370,1
5354,14,376,1
5355,14,377,1
5356,14,378,1
5358,14,380,1
5361,14,383,1
5365,15,4,1
5372,15,11,1
5387,15,26,1
5390,15,29,1
5411,15,50,1
5420,15,59,1
5422,15,61,1
5426,15,65,1
5427,15,66,1
5430,15,69,1
5446,15,85,1
5453,15,92,1
5454,15,93,1
5456,15,95,1
5472,15,111,1
5480,15,119,1
5481,15,120,1
5503,15,142,1
5520,15,159,1
5522,15,161,1
5524,15,163,1
5530,15,169,1
5532,15,171,1
5546,15,185,1
5547,15,186,1
5567,15,206,1
5597,15,236,1
5614,15,253,1
5625,15,264,1
5627,15,266,1
5630,15,269,1
5632,15,271,1
5636,15,275,1
5640,15,279,1
5642,15,281,1
5663,15,302,1
5665,15,304,1
5671,15,310,1
5689,15,328,1
5693,15,332,1
5700,15,339,1
5703,15,342,1
5725,15,364,1
5727,15,366,1
5731,15,370,1
5738,15,377,1
5748,16,4,1
5750,16,6,1
5755,16,11,1
5770,16,26,1
5773,16,29,1
5778,16,34,1
5779,16,35,1
5780,16,36,1
5794,16,50,1
5809,16,65,1
5810,16,66,1
5813,16,69,1
5837,16,93,1
5855,16,111,1
5870,16,126,1
5903,16,159,1
5905,16,161,1
5907,16,163,1
5929,16,185,1
5930,16,186,1
5931,16,187,1
5950,16,206,1
5971,16,227,1
5977,16,233,1
5980,16,236,1
5997,16,253,1
6008,16,264,1
6010,16,266,1
6015,16,271,1
6020,16,276,1
6045,16,301,1
6046,16,302,1
6048,16,304,1
6072,16,328,1
6076,16,332,1
6086,16,342,1
6110,16,366,1
6121,16,377,1
6131,17,4,1
6162,17,35,1
6163,17,36,1
6177,17,50,1
6186,17,59,1
6188,17,61,1
6192,17,65,1
6219,17,92,1
6220,17,93,1
6269,17,142,1
6290,17,163,1
6312,17,185,1
6313,17,186,1
6314,17,187,1
6359,17,232,1
6363,17,236,1
6367,17,240,1
6391,17,264,1
6398,17,271,1
6403,17,276,1
6429,17,302,1
6431,17,304,1
6434,17,307,1
6437,17,310,1
6450,17,323,1
6455,17,328,1
6459,17,332,1
6466,17,339,1
6491,17,364,1
6496,17,369,1
6497,17,370,1
6504,17,377,1
6505,17,378,1
6514,18,4,1
6521,18,11,1
6526,18,16,1
6541,18,31,1
6542,18,32,1
6543,18,33,1
6545,18,35,1
6548,18,38,1
6552,18,42,1
6560,18,50,1
6561,18,51,1
6569,18,59,1
6571,18,61,1
6573,18,63,1
6575,18,65,1
6586,18,76,1
6591,18,81,1
6602,18,92,1
6603,18,93,1
6606,18,96,1
6615,18,105,1
6617,18,107,1
6627,18,117,1
6633,18,123,1
6636,18,126,1
6652,18,142,1
6653,18,143,1
6655,18,145,1
6659,18,149,1
6679,18,169,1
6688,18,178,1
6692,18,182,1
6701,18,191,1
6703,18,193,1
6726,18,216,1
6729,18,219,1
6734,18,224,1
6746,18,236,1
6747,18,237,1
6748,18,238,1
6749,18,239,1
6750,18,240,1
6751,18,241,1
6762,18,252,1
6763,18,253,1
6768,18,258,1
6771,18,261,1
6772,18,262,1
6779,18,269,1
6783,18,273,1
6791,18,281,1
6792,18,282,1
6801,18,291,1
6809,18,299,1
6814,18,304,1
6817,18,307,1
6823,18,313,1
6831,18,321,1
6835,18,325,1
6838,18,328,1
6840,18,330,1
6841,18,331,1
6848,18,338,1
6865,18,355,1
6866,18,356,1
6869,18,359,1
6874,18,364,1
6880,18,370,1
6886,18,376,1
6887,18,377,1
6888,18,378,1
6897,19,4,1
6899,19,6,1
6904,19,11,1
6925,19,32,1
6926,19,33,1
6928,19,35,1
6929,19,36,1
6935,19,42,1
6943,19,50,1
6944,19,51,1
6946,19,53,1
6952,19,59,1
6953,19,60,1
6954,19,61,1
6956,19,63,1
6958,19,65,1
6961,19,68,1
6968,19,75,1
6982,19,89,1
6983,19,90,1
6985,19,92,1
6986,19,93,1
6987,19,94,1
6992,19,99,1
6995,19,102,1
6997,19,104,1
6998,19,105,1
7005,19,112,1
7011,19,118,1
7012,19,119,1
7019,19,126,1
7026,19,133,1
7031,19,138,1
7034,19,141,1
7038,19,145,1
7042,19,149,1
7044,19,151,1
7052,19,159,1
7056,19,163,1
7064,19,171,1
7069,19,176,1
7073,19,180,1
7078,19,185,1
7079,19,186,1
7084,19,191,1
7085,19,192,1
7088,19,195,1
7091,19,198,1
7095,19,202,1
7099,19,206,1
7105,19,212,1
7109,19,216,1
7110,19,217,1
7112,19,219,1
7115,19,222,1
7117,19,224,1
7119,19,226,1
7129,19,236,1
7130,19,237,1
7133,19,240,1
7134,19,241,1
7135,19,242,1
7136,19,243,1
7137,19,244,1
7139,19,246,1
7146,19,253,1
7154,19,261,1
7155,19,262,1
7161,19,268,1
7162,19,269,1
7163,19,270,1
7164,19,271,1
7174,19,281,1
7175,19,282,1
7192,19,299,1
7197,19,304,1
7200,19,307,1
7206,19,313,1
7212,19,319,1
7216,19,323,1
7230,19,337,1
7256,19,363,1
7257,19,364,1
7259,19,366,1
7263,19,370,1
7269,19,376,1
7270,19,377,1
7271,19,378,1
7275,19,382,1
7280,20,4,1
7313,20,37,1
7335,20,59,1
7421,20,145,1
7461,20,185,1
7515,20,239,1
7547,20,271,1
7550,20,274,1
7665,21,6,1
7675,21,16,1
7709,21,50,1
7718,21,59,1
7752,21,93,1
7766,21,107,1
7778,21,119,1
7844,21,185,1
7875,21,216,1
7895,21,236,1
7912,21,253,1
7914,21,255,1
7921,21,262,1
7938,21,279,1
7941,21,282,1
7963,21,304,1
7965,21,306,1
7966,21,307,1
7982,21,323,1
8012,21,353,1
8023,21,364,1
8048,22,6,1
8076,22,34,1
8080,22,38,1
8101,22,59,1
8103,22,61,1
8107,22,65,1
8133,22,91,1
8134,22,92,1
8135,22,93,1
8139,22,97,1
8187,22,145,1
8189,22,147,1
8211,22,169,1
8222,22,180,1
8234,22,192,1
8278,22,236,1
8294,22,252,1
8295,22,253,1
8297,22,255,1
8324,22,282,1
8349,22,307,1
8370,22,328,1
8382,22,340,1
8384,22,342,1
8406,22,364,1
8416,22,374,1
8431,23,6,1
8475,23,50,1
8478,23,53,1
8484,23,59,1
8488,23,63,1
8490,23,65,1
8517,23,92,1
8518,23,93,1
8545,23,120,1
8557,23,132,1
8570,23,145,1
8572,23,147,1
8588,23,163,1
8657,23,232,1
8661,23,236,1
8677,23,252,1
8682,23,257,1
8696,23,271,1
8706,23,281,1
8707,23,282,1
8715,23,290,1
8729,23,304,1
8732,23,307,1
8766,23,341,1
8789,23,364,1
8795,23,370,1
8802,23,377,1
8814,24,6,1
8819,24,11,1
8841,24,33,1
8843,24,35,1
8858,24,50,1
8867,24,59,1
8869,24,61,1
8871,24,63,1
8873,24,65,1
8876,24,68,1
8890,24,82,1
8898,24,90,1
8899,24,91,1
8900,24,92,1
8901,24,93,1
8903,24,95,1
8905,24,97,1
8913,24,105,1
8915,24,107,1
8928,24,120,1
8934,24,126,1
8950,24,142,1
8971,24,163,1
8981,24,173,1
8999,24,191,1
9006,24,198,1
9010,24,202,1
9027,24,219,1
9044,24,236,1
9045,24,237,1
9048,24,240,1
9060,24,252,1
9061,24,253,1
9063,24,255,1
9065,24,257,1
9070,24,262,1
9078,24,270,1
9079,24,271,1
9084,24,276,1
9090,24,282,1
9112,24,304,1
9115,24,307,1
9118,24,310,1
9128,24,320,1
9129,24,321,1
9136,24,328,1
9172,24,364,1
9178,24,370,1
9185,24,377,1
9186,24,378,1
9188,24,380,1
9197,25,6,1
9202,25,11,1
9241,25,50,1
9250,25,59,1
9252,25,61,1
9254,25,63,1
9284,25,93,1
9311,25,120,1
9315,25,124,1
9338,25,147,1
9354,25,163,1
9427,25,236,1
9431,25,240,1
9443,25,252,1
9473,25,282,1
9555,25,364,1
9580,26,6,1
9593,26,19,1
9624,26,50,1
9633,26,59,1
9635,26,61,1
9637,26,63,1
9719,26,145,1
9790,26,216,1
9827,26,253,1
9836,26,262,1
9855,26,281,1
9856,26,282,1
9878,26,304,1
9884,26,310,1
9902,26,328,1
9938,26,364,1
9944,26,370,1
9963,27,6,1
9981,27,24,1
9990,27,33,1
9992,27,35,1
10007,27,50,1
10016,27,59,1
10049,27,92,1
10050,27,93,1
10076,27,119,1
10099,27,142,1
10104,27,147,1
10247,27,290,1
10261,27,304,1
10280,27,323,1
10285,27,328,1
10346,28,6,1
10348,28,8,1
10351,28,11,1
10356,28,16,1
10375,28,35,1
10380,28,40,1
10390,28,50,1
10391,28,51,1
10394,28,54,1
10399,28,59,1
10401,28,61,1
10431,28,91,1
10432,28,92,1
10433,28,93,1
10460,28,120,1
10464,28,124,1
10485,28,145,1
10487,28,147,1
10503,28,163,1
10506,28,166,1
10507,28,167,1
10520,28,180,1
10525,28,185,1
10550,28,210,1
10552,28,212,1
10556,28,216,1
10558,28,218,1
10559,28,219,1
10562,28,222,1
10576,28,236,1
10577,28,237,1
10580,28,240,1
10581,28,241,1
10584,28,244,1
10585,28,245,1
10588,28,248,1
10592,28,252,1
10593,28,253,1
10595,28,255,1
10600,28,260,1
10601,28,261,1
10606,28,266,1
10609,28,269,1
10610,28,270,1
10621,28,281,1
10622,28,282,1
10630,28,290,1
10636,28,296,1
10642,28,302,1
10644,28,304,1
10647,28,307,1
10654,28,314,1
10658,28,318,1
10661,28,321,1
10663,28,323,1
10668,28,328,1
10681,28,341,1
10691,28,351,1
10693,28,353,1
10704,28,364,1
10713,28,373,1
10714,28,374,1
10717,28,377,1
10718,28,378,1
10720,28,380,1
10729,29,6,1
10731,29,8,1
10757,29,34,1
10761,29,38,1
10773,29,50,1
10782,29,59,1
10788,29,65,1
10792,29,69,1
10816,29,93,1
10868,29,145,1
10870,29,147,1
10882,29,159,1
10892,29,169,1
10914,29,191,1
10939,29,216,1
10942,29,219,1
10944,29,221,1
10950,29,227,1
10959,29,236,1
10975,29,252,1
10992,29,269,1
11005,29,282,1
11008,29,285,1
11025,29,302,1
11030,29,307,1
11037,29,314,1
11044,29,321,1
11051,29,328,1
11052,29,329,1
11064,29,341,1
11076,29,353,1
11087,29,364,1
11099,29,376,1
11100,29,377,1
11112,30,6,1
11156,30,50,1
11159,30,53,1
11160,30,54,1
11162,30,56,1
11165,30,59,1
11167,30,61,1
11171,30,65,1
11199,30,93,1
11225,30,119,1
11236,30,130,1
11253,30,147,1
11269,30,163,1
11270,30,164,1
11279,30,173,1
11285,30,179,1
11286,30,180,1
11319,30,213,1
11342,30,236,1
11358,30,252,1
11359,30,253,1
11361,30,255,1
11388,30,282,1
11410,30,304,1
11412,30,306,1
11413,30,307,1
11427,30,321,1
11429,30,323,1
11434,30,328,1
11445,30,339,1
11462,30,356,1
11470,30,364,1
11483,30,377,1
11484,30,378,1
11495,31,6,1
11539,31,50,1
11542,31,53,1
11543,31,54,1
11545,31,56,1
11548,31,59,1
11550,31,61,1
11582,31,93,1
11608,31,119,1
11615,31,126,1
11619,31,130,1
11634,31,145,1
11636,31,147,1
11653,31,164,1
11669,31,180,1
11725,31,236,1
11741,31,252,1
11742,31,253,1
11791,31,302,1
11793,31,304,1
11795,31,306,1
11796,31,307,1
11804,31,315,1
11816,31,327,1
11817,31,328,1
11828,31,339,1
11853,31,364,1
11859,31,370,1
11866,31,377,1
11878,32,6,1
11880,32,8,1
11922,32,50,1
11931,32,59,1
11964,32,92,1
11969,32,97,1
11979,32,107,1
12108,32,236,1
12125,32,253,1
12154,32,282,1
12176,32,304,1
12179,32,307,1
12200,32,328,1
12236,32,364,1
12242,32,370,1
12261,33,6,1
12266,33,11,1
12296,33,41,1
12308,33,53,1
12314,33,59,1
12347,33,92,1
12363,33,108,1
12368,33,113,1
12381,33,126,1
12390,33,135,1
12418,33,163,1
12460,33,205,1
12491,33,236,1
12492,33,237,1
12515,33,260,1
12518,33,263,1
12541,33,286,1
12559,33,304,1
12562,33,307,1
12593,33,338,1
12596,33,341,1
12619,33,364,1
12632,33,377,1
12644,34,6,1
12650,34,12,1
12674,34,36,1
12676,34,38,1
12688,34,50,1
12699,34,61,1
12757,34,119,1
12761,34,123,1
12797,34,159,1
12805,34,167,1
12857,34,219,1
12879,34,241,1
12890,34,252,1
12891,34,253,1
12917,34,279,1
12920,34,282,1
12942,34,304,1
12966,34,328,1
13002,34,364,1
13016,34,378,1
13027,35,6,1
13032,35,11,1
13071,35,50,1
13114,35,93,1
13140,35,119,1
13141,35,120,1
13252,35,231,1
13274,35,253,1
13281,35,260,1
13325,35,304,1
13328,35,307,1
13349,35,328,1
13359,35,338,1
13385,35,364,1
13399,35,378,1
13410,36,6,1
13414,36,10,1
13415,36,11,1
13420,36,16,1
13431,36,27,1
13432,36,28,1
13454,36,50,1
13463,36,59,1
13467,36,63,1
13469,36,65,1
13473,36,69,1
13497,36,93,1
13520,36,116,1
13549,36,145,1
13551,36,147,1
13563,36,159,1
13565,36,161,1
13567,36,163,1
13620,36,216,1
13643,36,239,1
13645,36,241,1
13657,36,253,1
13666,36,262,1
13675,36,271,1
13680,36,276,1
13706,36,302,1
13732,36,328,1
13757,36,353,1
13768,36,364,1
13775,36,371,1
13781,36,377,1
13793,37,6,1
13828,37,41,1
13837,37,50,1
13840,37,53,1
13843,37,56,1
13846,37,59,1
13850,37,63,1
13880,37,93,1
13895,37,108,1
13906,37,119,1
13907,37,120,1
13913,37,126,1
13929,37,142,1
13936,37,149,1
13951,37,164,1
13956,37,169,1
13969,37,182,1
13994,37,207,1
14014,37,227,1
14019,37,232,1
14023,37,236,1
14024,37,237,1
14027,37,240,1
14040,37,253,1
14041,37,254,1
14044,37,257,1
14069,37,282,1
14073,37,286,1
14091,37,304,1
14094,37,307,1
14115,37,328,1
14151,37,364,1
14157,37,370,1
14164,37,377,1
14165,37,378,1
14176,38,6,1
14179,38,9,1
14180,38,10,1
14181,38,11,1
14211,38,41,1
14220,38,50,1
14223,38,53,1
14226,38,56,1
14229,38,59,1
14231,38,61,1
14233,38,63,1
14252,38,82,1
14262,38,92,1
14263,38,93,1
14267,38,97,1
14278,38,108,1
14279,38,109,1
14289,38,119,1
14290,38,120,1
14312,38,142,1
14315,38,145,1
14317,38,147,1
14319,38,149,1
14334,38,164,1
14339,38,169,1
14397,38,227,1
14406,38,236,1
14407,38,237,1
14410,38,240,1
14423,38,253,1
14452,38,282,1
14456,38,286,1
14474,38,304,1
14477,38,307,1
14496,38,326,1
14498,38,328,1
14534,38,364,1
14540,38,370,1
14541,38,371,1
14547,38,377,1
14559,39,6,1
14564,39,11,1
14594,39,41,1
14603,39,50,1
14606,39,53,1
14612,39,59,1
14614,39,61,1
14616,39,63,1
14618,39,65,1
14635,39,82,1
14645,39,92,1
14646,39,93,1
14650,39,97,1
14661,39,108,1
14672,39,119,1
14673,39,120,1
14679,39,126,1
14695,39,142,1
14712,39,159,1
14716,39,163,1
14717,39,164,1
14722,39,169,1
14735,39,182,1
14758,39,205,1
14789,39,236,1
14790,39,237,1
14792,39,239,1
14793,39,240,1
14796,39,243,1
14806,39,253,1
14810,39,257,1
14835,39,282,1
14857,39,304,1
14860,39,307,1
14881,39,328,1
14917,39,364,1
14923,39,370,1
14930,39,377,1
14942,40,6,1
14945,40,9,1
14946,40,10,1
14947,40,11,1
14968,40,32,1
14977,40,41,1
14986,40,50,1
14988,40,52,1
14995,40,59,1
14999,40,63,1
15001,40,65,1
15029,40,93,1
15056,40,120,1
15059,40,123,1
15060,40,124,1
15062,40,126,1
15095,40,159,1
15142,40,206,1
15155,40,219,1
15158,40,222,1
15160,40,224,1
15172,40,236,1
15176,40,240,1
15188,40,252,1
15189,40,253,1
15193,40,257,1
15196,40,260,1
15243,40,307,1
15264,40,328,1
15266,40,330,1
15313,40,377,1
15314,40,378,1
15325,41,6,1
15369,41,50,1
15382,41,63,1
15438,41,119,1
15466,41,147,1
15478,41,159,1
15482,41,163,1
15504,41,185,1
15523,41,204,1
15572,41,253,1
15601,41,282,1
15606,41,287,1
15609,41,290,1
15626,41,307,1
15647,41,328,1
15658,41,339,1
15683,41,364,1
15708,42,6,1
15752,42,50,1
15755,42,53,1
15761,42,59,1
15763,42,61,1
15765,42,63,1
15767,42,65,1
15794,42,92,1
15821,42,119,1
15828,42,126,1
15829,42,127,1
15847,42,145,1
15861,42,159,1
15865,42,163,1
15882,42,180,1
15908,42,206,1
15924,42,222,1
15938,42,236,1
15939,42,237,1
15955,42,253,1
15959,42,257,1
15983,42,281,1
15984,42,282,1
15988,42,286,1
16012,42,310,1
16030,42,328,1
16077,42,375,1
16079,42,377,1
16080,42,378,1
16091,43,6,1
16101,43,16,1
16105,43,20,1
16107,43,22,1
16125,43,40,1
16135,43,50,1
16136,43,51,1
16138,43,53,1
16144,43,59,1
16150,43,65,1
16177,43,92,1
16178,43,93,1
16205,43,120,1
16211,43,126,1
16230,43,145,1
16232,43,147,1
16251,43,166,1
16252,43,167,1
16256,43,171,1
16265,43,180,1
16270,43,185,1
16295,43,210,1
16297,43,212,1
16301,43,216,1
16303,43,218,1
16304,43,219,1
16307,43,222,1
16321,43,236,1
16322,43,237,1
16325,43,240,1
16326,43,241,1
16329,43,244,1
16330,43,245,1
16333,43,248,1
16337,43,252,1
16338,43,253,1
16340,43,255,1
16345,43,260,1
16351,43,266,1
16354,43,269,1
16355,43,270,1
16356,43,271,1
16366,43,281,1
16367,43,282,1
16375,43,290,1
16387,43,302,1
16389,43,304,1
16392,43,307,1
16403,43,318,1
16408,43,323,1
16413,43,328,1
16417,43,332,1
16423,43,338,1
16426,43,341,1
16449,43,364,1
16458,43,373,1
16459,43,374,1
16462,43,377,1
16463,43,378,1
16465,43,380,1
16474,44,6,1
16476,44,8,1
16477,44,9,1
16478,44,10,1
16479,44,11,1
16503,44,35,1
16516,44,48,1
16518,44,50,1
16527,44,59,1
16529,44,61,1
16531,44,63,1
16533,44,65,1
16561,44,93,1
16587,44,119,1
16591,44,123,1
16594,44,126,1
16613,44,145,1
16631,44,163,1
16659,44,191,1
16666,44,198,1
16667,44,199,1
16671,44,203,1
16700,44,232,1
16704,44,236,1
16707,44,239,1
16708,44,240,1
16721,44,253,1
16730,44,262,1
16737,44,269,1
16739,44,271,1
16750,44,282,1
16753,44,285,1
16758,44,290,1
16770,44,302,1
16775,44,307,1
16791,44,323,1
16814,44,346,1
16845,44,377,1
16857,45,6,1
16901,45,50,1
16914,45,63,1
16944,45,93,1
16998,45,147,1
17014,45,163,1
17056,45,205,1
17104,45,253,1
17111,45,260,1
17155,45,304,1
17229,45,378,1
17240,46,6,1
17249,46,15,1
17267,46,33,1
17268,46,34,1
17269,46,35,1
17284,46,50,1
17287,46,53,1
17293,46,59,1
17295,46,61,1
17305,46,71,1
17317,46,83,1
17326,46,92,1
17327,46,93,1
17329,46,95,1
17356,46,122,1
17376,46,142,1
17379,46,145,1
17381,46,147,1
17393,46,159,1
17403,46,169,1
17409,46,175,1
17410,46,176,1
17417,46,183,1
17420,46,186,1
17425,46,191,1
17448,46,214,1
17450,46,216,1
17453,46,219,1
17461,46,227,1
17465,46,231,1
17470,46,236,1
17477,46,243,1
17481,46,247,1
17484,46,250,1
17487,46,253,1
17494,46,260,1
17496,46,262,1
17503,46,269,1
17513,46,279,1
17516,46,282,1
17519,46,285,1
17530,46,296,1
17536,46,302,1
17538,46,304,1
17541,46,307,1
17543,46,309,1
17553,46,319,1
17555,46,321,1
17562,46,328,1
17583,46,349,1
17598,46,364,1
17604,46,370,1
17611,46,377,1
17612,46,378,1
17623,47,6,1
17649,47,32,1
17653,47,36,1
17658,47,41,1
17667,47,50,1
17676,47,59,1
17678,47,61,1
17682,47,65,1
17709,47,92,1
17724,47,107,1
17737,47,120,1
17740,47,123,1
17743,47,126,1
17776,47,159,1
17780,47,163,1
17793,47,176,1
17833,47,216,1
17836,47,219,1
17838,47,221,1
17849,47,232,1
17853,47,236,1
17856,47,239,1
17860,47,243,1
17866,47,249,1
17867,47,250,1
17869,47,252,1
17877,47,260,1
17879,47,262,1
17888,47,271,1
17898,47,281,1
17916,47,299,1
17919,47,302,1
17921,47,304,1
17924,47,307,1
17938,47,321,1
17939,47,322,1
17945,47,328,1
17947,47,330,1
17955,47,338,1
17973,47,356,1
17981,47,364,1
17993,47,376,1
18006,48,6,1
18008,48,8,1
18050,48,50,1
18059,48,59,1
18082,48,82,1
18093,48,93,1
18121,48,121,1
18126,48,126,1
18145,48,145,1
18169,48,169,1
18219,48,219,1
18236,48,236,1
18253,48,253,1
18255,48,255,1
18265,48,265,1
18275,48,275,1
18282,48,282,1
18285,48,285,1
18304,48,304,1
18307,48,307,1
18328,48,328,1
18364,48,364,1
18370,48,370,1
18389,49,6,1
18391,49,8,1
18402,49,19,1
18433,49,50,1
18446,49,63,1
18476,49,93,1
18499,49,116,1
18530,49,147,1
18542,49,159,1
18546,49,163,1
18569,49,186,1
18607,49,224,1
18619,49,236,1
18624,49,241,1
18631,49,248,1
18702,49,319,1
18736,49,353,1
18747,49,364,1
18772,50,6,1
18807,50,41,1
18816,50,50,1
18819,50,53,1
18825,50,59,1
18831,50,65,1
18858,50,92,1
18859,50,93,1
18892,50,126,1
18908,50,142,1
18911,50,145,1
18913,50,147,1
18925,50,159,1
18972,50,206,1
18974,50,208,1
18976,50,210,1
18983,50,217,1
18989,50,223,1
19002,50,236,1
19003,50,237,1
19018,50,252,1
19019,50,253,1
19021,50,255,1
19023,50,257,1
19030,50,264,1
19037,50,271,1
19048,50,282,1
19070,50,304,1
19073,50,307,1
19094,50,328,1
19096,50,330,1
19100,50,334,1
19106,50,340,1
19113,50,347,1
19118,50,352,1
19121,50,355,1
19130,50,364,1
19136,50,370,1
19143,50,377,1
19155,51,6,1
19199,51,50,1
19210,51,61,1
19212,51,63,1
19214,51,65,1
19242,51,93,1
19275,51,126,1
19305,51,156,1
19312,51,163,1
19331,51,182,1
19345,51,196,1
19365,51,216,1
19368,51,219,1
19370,51,221,1
19385,51,236,1
19402,51,253,1
19404,51,255,1
19428,51,279,1
19430,51,281,1
19431,51,282,1
19453,51,304,1
19456,51,307,1
19459,51,310,1
19477,51,328,1
19495,51,346,1
19510,51,361,1
19513,51,364,1
19519,51,370,1
19526,51,377,1
19527,51,378,1
19538,52,6,1
19572,52,40,1
19573,52,41,1
19582,52,50,1
19588,52,56,1
19593,52,61,1
19595,52,63,1
19625,52,93,1
19651,52,119,1
19652,52,120,1
19672,52,140,1
19681,52,149,1
19695,52,163,1
19696,52,164,1
19769,52,237,1
19785,52,253,1
19814,52,282,1
19818,52,286,1
19836,52,304,1
19839,52,307,1
19896,52,364,1
19909,52,377,1
19921,53,6,1
19926,53,11,1
19976,53,61,1
20007,53,92,1
20086,53,171,1
20219,53,304,1
20243,53,328,1
20260,53,345,1
20279,53,364,1
20292,53,377,1
20304,54,6,1
20309,54,11,1
20357,54,59,1
20359,54,61,1
20398,54,100,1
20418,54,120,1
20602,54,304,1
20643,54,345,1
20662,54,364,1
20687,55,6,1
20689,55,8,1
20719,55,38,1
20721,55,40,1
20731,55,50,1
20732,55,51,1
20740,55,59,1
20744,55,63,1
20746,55,65,1
20773,55,92,1
20774,55,93,1
20776,55,95,1
20804,55,123,1
20807,55,126,1
20826,55,145,1
20844,55,163,1
20847,55,166,1
20848,55,167,1
20861,55,180,1
20891,55,210,1
20893,55,212,1
20897,55,216,1
20899,55,218,1
20900,55,219,1
20903,55,222,1
20917,55,236,1
20921,55,240,1
20922,55,241,1
20925,55,244,1
20926,55,245,1
20929,55,248,1
20933,55,252,1
20936,55,255,1
20941,55,260,1
20946,55,265,1
20947,55,266,1
20949,55,268,1
20952,55,271,1
20963,55,282,1
20966,55,285,1
20971,55,290,1
20983,55,302,1
20985,55,304,1
20988,55,307,1
20999,55,318,1
21009,55,328,1
21022,55,341,1
21034,55,353,1
21036,55,355,1
21051,55,370,1
21058,55,377,1
21070,56,6,1
21102,56,38,1
21114,56,50,1
21115,56,51,1
21118,56,54,1
21123,56,59,1
21125,56,61,1
21127,56,63,1
21157,56,93,1
21211,56,147,1
21270,56,206,1
21271,56,207,1
21300,56,236,1
21317,56,253,1
21332,56,268,1
21346,56,282,1
21354,56,290,1
21366,56,302,1
21368,56,304,1
21369,56,305,1
21392,56,328,1
21428,56,364,1
21438,56,374,1
21439,56,375,1
21441,56,377,1
21453,57,6,1
21485,57,38,1
21540,57,93,1
21592,57,145,1
21606,57,159,1
21628,57,181,1
21683,57,236,1
21754,57,307,1
21811,57,364,1
21836,58,6,1
21865,58,35,1
21889,58,59,1
21893,58,63,1
21950,58,120,1
21956,58,126,1
22090,58,260,1
22092,58,262,1
22134,58,304,1
22158,58,328,1
22175,58,345,1
22180,58,350,1
22207,58,377,1
22221,59,8,1
22246,59,33,1
22263,59,50,1
22272,59,59,1
22276,59,63,1
22305,59,92,1
22306,59,93,1
22310,59,97,1
22323,59,110,1
22332,59,119,1
22333,59,120,1
22372,59,159,1
22376,59,163,1
22398,59,185,1
22399,59,186,1
22404,59,191,1
22432,59,219,1
22448,59,235,1
22449,59,236,1
22452,59,239,1
22460,59,247,1
22466,59,253,1
22475,59,262,1
22482,59,269,1
22494,59,281,1
22495,59,282,1
22517,59,304,1
22520,59,307,1
22530,59,317,1
22554,59,341,1
22562,59,349,1
22563,59,350,1
22583,59,370,1
22604,60,8,1
22612,60,16,1
22646,60,50,1
22655,60,59,1
22657,60,61,1
22659,60,63,1
22661,60,65,1
22688,60,92,1
22717,60,121,1
22722,60,126,1
22741,60,145,1
22755,60,159,1
22765,60,169,1
22772,60,176,1
22832,60,236,1
22833,60,237,1
22836,60,240,1
22840,60,244,1
22844,60,248,1
22877,60,281,1
22878,60,282,1
22900,60,304,1
22903,60,307,1
22911,60,315,1
22924,60,328,1
22960,60,364,1
22961,60,365,1
22973,60,377,1
22987,61,8,1
23370,62,8,1
23753,63,8,1
23838,63,93,1
23857,63,112,1
23871,63,126,1
24136,64,8,1
24519,65,8,1
24522,65,11,1
24526,65,15,1
24527,65,16,1
24561,65,50,1
24564,65,53,1
24570,65,59,1
24572,65,61,1
24575,65,64,1
24576,65,65,1
24580,65,69,1
24603,65,92,1
24604,65,93,1
24614,65,103,1
24630,65,119,1
24631,65,120,1
24656,65,145,1
24658,65,147,1
24670,65,159,1
24678,65,167,1
24689,65,178,1
24690,65,179,1
24693,65,182,1
24717,65,206,1
24721,65,210,1
24723,65,212,1
24724,65,213,1
24727,65,216,1
24729,65,218,1
24730,65,219,1
24732,65,221,1
24735,65,224,1
24746,65,235,1
24747,65,236,1
24748,65,237,1
24759,65,248,1
24763,65,252,1
24764,65,253,1
24768,65,257,1
24771,65,260,1
24780,65,269,1
24783,65,272,1
24790,65,279,1
24791,65,280,1
24793,65,282,1
24806,65,295,1
24813,65,302,1
24815,65,304,1
24818,65,307,1
24823,65,312,1
24831,65,320,1
24832,65,321,1
24837,65,326,1
24838,65,327,1
24839,65,328,1
24841,65,330,1
24847,65,336,1
24875,65,364,1
24881,65,370,1
24888,65,377,1
24889,65,378,1
24902,66,8,1
25285,67,8,1
25467,67,190,1
25668,68,8,1
25693,68,33,1
25695,68,35,1
25696,68,36,1
25698,68,38,1
25710,68,50,1
25713,68,53,1
25719,68,59,1
25721,68,61,1
25723,68,63,1
25753,68,93,1
25779,68,119,1
25783,68,123,1
25805,68,145,1
25807,68,147,1
25819,68,159,1
25850,68,190,1
25876,68,216,1
25896,68,236,1
25913,68,253,1
25921,68,261,1
25922,68,262,1
25939,68,279,1
25945,68,285,1
25950,68,290,1
25956,68,296,1
25964,68,304,1
25967,68,307,1
25973,68,313,1
25988,68,328,1
25990,68,330,1
26015,68,355,1
26019,68,359,1
26024,68,364,1
26030,68,370,1
26051,69,8,1
26054,69,11,1
26060,69,17,1
26067,69,24,1
26076,69,33,1
26093,69,50,1
26102,69,59,1
26104,69,61,1
26108,69,65,1
26136,69,93,1
26162,69,119,1
26169,69,126,1
26183,69,140,1
26185,69,142,1
26188,69,145,1
26198,69,155,1
26206,69,163,1
26217,69,174,1
26259,69,216,1
26279,69,236,1
26295,69,252,1
26296,69,253,1
26303,69,260,1
26305,69,262,1
26306,69,263,1
26321,69,278,1
26347,69,304,1
26350,69,307,1
26351,69,308,1
26371,69,328,1
26407,69,364,1
26434,70,8,1
26450,70,24,1
26459,70,33,1
26464,70,38,1
26476,70,50,1
26485,70,59,1
26519,70,93,1
26575,70,149,1
26658,70,232,1
26672,70,246,1
26730,70,304,1
26790,70,364,1
26817,71,8,1
26841,71,32,1
26849,71,40,1
26859,71,50,1
26860,71,51,1
26863,71,54,1
26868,71,59,1
26874,71,65,1
26901,71,92,1
26902,71,93,1
26954,71,145,1
26956,71,147,1
26968,71,159,1
26972,71,163,1
26975,71,166,1
26976,71,167,1
26978,71,169,1
26989,71,180,1
27019,71,210,1
27021,71,212,1
27025,71,216,1
27027,71,218,1
27028,71,219,1
27031,71,222,1
27045,71,236,1
27049,71,240,1
27050,71,241,1
27053,71,244,1
27054,71,245,1
27057,71,248,1
27061,71,252,1
27062,71,253,1
27064,71,255,1
27069,71,260,1
27075,71,266,1
27090,71,281,1
27091,71,282,1
27099,71,290,1
27105,71,296,1
27111,71,302,1
27113,71,304,1
27116,71,307,1
27127,71,318,1
27150,71,341,1
27173,71,364,1
27182,71,373,1
27183,71,374,1
27186,71,377,1
27189,71,380,1
27200,72,8,1
27242,72,50,1
27246,72,54,1
27251,72,59,1
27257,72,65,1
27285,72,93,1
27311,72,119,1
27334,72,142,1
27339,72,147,1
27351,72,159,1
27355,72,163,1
27361,72,169,1
27428,72,236,1
27432,72,240,1
27445,72,253,1
27473,72,281,1
27474,72,282,1
27556,72,364,1
27566,72,374,1
27583,73,8,1
27672,73,97,1
27695,73,120,1
27701,73,126,1
27720,73,145,1
27722,73,147,1
27746,73,171,1
27785,73,210,1
27791,73,216,1
27794,73,219,1
27857,73,282,1
27869,73,294,1
27882,73,307,1
27896,73,321,1
27903,73,328,1
27939,73,364,1
27952,73,377,1
27966,74,8,1
28349,75,8,1
28363,75,22,1
28373,75,32,1
28377,75,36,1
28381,75,40,1
28391,75,50,1
28392,75,51,1
28395,75,54,1
28400,75,59,1
28406,75,65,1
28433,75,92,1
28434,75,93,1
28486,75,145,1
28504,75,163,1
28507,75,166,1
28508,75,167,1
28521,75,180,1
28533,75,192,1
28551,75,210,1
28553,75,212,1
28557,75,216,1
28559,75,218,1
28560,75,219,1
28563,75,222,1
28577,75,236,1
28578,75,237,1
28581,75,240,1
28582,75,241,1
28585,75,244,1
28586,75,245,1
28589,75,248,1
28593,75,252,1
28594,75,253,1
28596,75,255,1
28601,75,260,1
28603,75,262,1
28607,75,266,1
28623,75,282,1
28631,75,290,1
28643,75,302,1
28645,75,304,1
28651,75,310,1
28655,75,314,1
28659,75,318,1
28682,75,341,1
28714,75,373,1
28717,75,376,1
28718,75,377,1
28719,75,378,1
28732,76,8,1
28774,76,50,1
28783,76,59,1
28787,76,63,1
28804,76,80,1
28817,76,93,1
28915,76,191,1
28943,76,219,1
28960,76,236,1
28976,76,252,1
28977,76,253,1
28978,76,254,1
29012,76,288,1
29028,76,304,1
29077,76,353,1
29115,77,8,1
29145,77,38,1
29157,77,50,1
29166,77,59,1
29168,77,61,1
29169,77,62,1
29170,77,63,1
29172,77,65,1
29174,77,67,1
29200,77,93,1
29226,77,119,1
29233,77,126,1
29254,77,147,1
29269,77,162,1
29270,77,163,1
29278,77,171,1
29317,77,210,1
29326,77,219,1
29343,77,236,1
29349,77,242,1
29389,77,282,1
29411,77,304,1
29414,77,307,1
29435,77,328,1
29471,77,364,1
29484,77,377,1
29485,77,378,1
29487,77,380,1
29498,78,8,1
29540,78,50,1
29551,78,61,1
29555,78,65,1
29559,78,69,1
29583,78,93,1
29588,78,98,1
29604,78,114,1
29609,78,119,1
29635,78,145,1
29637,78,147,1
29649,78,159,1
29706,78,216,1
29714,78,224,1
29726,78,236,1
29743,78,253,1
29747,78,257,1
29751,78,261,1
29780,78,290,1
29789,78,299,1
29818,78,328,1
29854,78,364,1
29867,78,377,1
29881,79,8,1
29884,79,11,1
29899,79,26,1
29909,79,36,1
29923,79,50,1
29926,79,53,1
29932,79,59,1
29934,79,61,1
29938,79,65,1
29965,79,92,1
29966,79,93,1
29996,79,123,1
30018,79,145,1
30020,79,147,1
30036,79,163,1
30044,79,171,1
30060,79,187,1
30090,79,217,1
30093,79,220,1
30105,79,232,1
30109,79,236,1
30110,79,237,1
30112,79,239,1
30125,79,252,1
30126,79,253,1
30135,79,262,1
30144,79,271,1
30155,79,282,1
30177,79,304,1
30183,79,310,1
30187,79,314,1
30226,79,353,1
30264,80,8,1
30282,80,26,1
30283,80,27,1
30284,80,28,1
30292,80,36,1
30306,80,50,1
30315,80,59,1
30354,80,98,1
30382,80,126,1
30417,80,161,1
30419,80,163,1
30427,80,171,1
30443,80,187,1
30454,80,198,1
30492,80,236,1
30509,80,253,1
30513,80,257,1
30516,80,260,1
30560,80,304,1
30566,80,310,1
30609,80,353,1
30620,80,364,1
30635,80,379,1
30647,81,8,1
30665,81,26,1
30675,81,36,1
30689,81,50,1
30698,81,59,1
30702,81,63,1
30731,81,92,1
30758,81,119,1
30784,81,145,1
30802,81,163,1
30810,81,171,1
30858,81,219,1
30875,81,236,1
30894,81,255,1
30921,81,282,1
30943,81,304,1
30946,81,307,1
30949,81,310,1
30967,81,328,1
30980,81,341,1
31003,81,364,1
31018,81,379,1
31030,82,8,1
31034,82,12,1
31072,82,50,1
31081,82,59,1
31122,82,100,1
31413,83,8,1
31455,83,50,1
31464,83,59,1
31498,83,93,1
31560,83,155,1
31607,83,202,1
31644,83,239,1
31796,84,8,1
31838,84,50,1
31847,84,59,1
31881,84,93,1
31930,84,142,1
31957,84,169,1
32024,84,236,1
32040,84,252,1
32041,84,253,1
32049,84,261,1
32073,84,285,1
32079,84,291,1
32092,84,304,1
32095,84,307,1
32166,84,378,1
32179,85,8,1
32264,85,93,1
32362,85,191,1
32407,85,236,1
32450,85,279,1
32562,86,8,1
32589,86,35,1
32604,86,50,1
32647,86,93,1
32680,86,126,1
32699,86,145,1
32717,86,163,1
32727,86,173,1
32770,86,216,1
32773,86,219,1
32794,86,240,1
32807,86,253,1
32814,86,260,1
32845,86,291,1
32877,86,323,1
32879,86,325,1
32880,86,326,1
32910,86,356,1
32918,86,364,1
32930,86,376,1
32945,87,8,1
32987,87,50,1
32996,87,59,1
32998,87,61,1
33030,87,93,1
33177,87,240,1
33315,87,378,1
33328,88,8,1
33333,88,13,1
33352,88,32,1
33355,88,35,1
33369,88,49,1
33370,88,50,1
33373,88,53,1
33379,88,59,1
33381,88,61,1
33383,88,63,1
33384,88,64,1
33385,88,65,1
33390,88,70,1
33406,88,86,1
33412,88,92,1
33413,88,93,1
33415,88,95,1
33446,88,126,1
33451,88,131,1
33452,88,132,1
33465,88,145,1
33466,88,146,1
33467,88,147,1
33479,88,159,1
33491,88,171,1
33526,88,206,1
33530,88,210,1
33535,88,215,1
33536,88,216,1
33539,88,219,1
33541,88,221,1
33556,88,236,1
33561,88,241,1
33563,88,243,1
33572,88,252,1
33573,88,253,1
33576,88,256,1
33582,88,262,1
33589,88,269,1
33591,88,271,1
33599,88,279,1
33602,88,282,1
33605,88,285,1
33610,88,290,1
33622,88,302,1
33624,88,304,1
33626,88,306,1
33627,88,307,1
33641,88,321,1
33648,88,328,1
33652,88,332,1
33655,88,335,1
33661,88,341,1
33666,88,346,1
33668,88,348,1
33673,88,353,1
33684,88,364,1
33697,88,377,1
33698,88,378,1
33711,89,8,1
33762,89,59,1
33778,89,75,1
33796,89,93,1
33800,89,97,1
33858,89,155,1
33956,89,253,1
33965,89,262,1
34069,89,366,1
34094,90,8,1
34276,90,190,1
34396,90,310,1
34450,90,364,1
34477,91,8,1
34523,91,54,1
34528,91,59,1
34530,91,61,1
34532,91,63,1
34535,91,66,1
34562,91,93,1
34588,91,119,1
34675,91,206,1
34679,91,210,1
34722,91,253,1
34738,91,269,1
34745,91,276,1
34748,91,279,1
34751,91,282,1
34754,91,285,1
34788,91,319,1
34797,91,328,1
34799,91,330,1
34833,91,364,1
34846,91,377,1
34860,92,8,1
34896,92,44,1
34911,92,59,1
34917,92,65,1
35216,92,364,1
35228,92,376,1
35243,93,8,1
35319,93,84,1
35474,93,239,1
35505,93,270,1
35539,93,304,1
35545,93,310,1
35599,93,364,1
35626,94,8,1
35668,94,50,1
35681,94,63,1
35744,94,126,1
35763,94,145,1
35781,94,163,1
35870,94,252,1
35871,94,253,1
35880,94,262,1
35946,94,328,1
35995,94,377,1
36009,95,8,1
36064,95,63,1
36094,95,93,1
36127,95,126,1
36211,95,210,1
36392,96,8,1
36434,96,50,1
36775,97,8,1
36832,97,65,1
36917,97,150,1
37131,97,364,1
37158,98,8,1
37541,99,8,1
37924,100,8,1
38307,101,8,1
38690,102,8,1
39073,103,8,1
39456,104,8,1
39507,104,59,1
39611,104,163,1
39664,104,216,1
39701,104,253,1
39812,104,364,1
39839,105,8,1
39894,105,63,1
40222,106,8,1
40225,106,11,1
40252,106,38,1
40254,106,40,1
40264,106,50,1
40273,106,59,1
40275,106,61,1
40277,106,63,1
40307,106,93,1
40337,106,123,1
40356,106,142,1
40359,106,145,1
40361,106,147,1
40373,106,159,1
40450,106,236,1
40467,106,253,1
40469,106,255,1
40471,106,257,1
40496,106,282,1
40503,106,289,1
40504,106,290,1
40506,106,292,1
40524,106,310,1
40546,106,332,1
40557,106,343,1
40567,106,353,1
40578,106,364,1
40584,106,370,1
40591,106,377,1
40592,106,378,1
40605,107,8,1
40656,107,59,1
40756,107,159,1
40961,107,364,1
40988,108,8,1
41024,108,44,1
41372,109,9,1
41374,109,11,1
41398,109,35,1
41413,109,50,1
41422,109,59,1
41424,109,61,1
41426,109,63,1
41427,109,64,1
41428,109,65,1
41482,109,119,1
41483,109,120,1
41489,109,126,1
41522,109,159,1
41582,109,219,1
41599,109,236,1
41625,109,262,1
41626,109,263,1
41644,109,281,1
41667,109,304,1
41670,109,307,1
41684,109,321,1
41691,109,328,1
41693,109,330,1
41695,109,332,1
41727,109,364,1
41733,109,370,1
41740,109,377,1
41741,109,378,1
41755,110,9,1
41796,110,50,1
41799,110,53,1
41805,110,59,1
41807,110,61,1
41811,110,65,1
41813,110,67,1
41815,110,69,1
41828,110,82,1
41872,110,126,1
41893,110,147,1
41920,110,174,1
41928,110,182,1
41973,110,227,1
41982,110,236,1
41987,110,241,1
41999,110,253,1
42001,110,255,1
42008,110,262,1
42027,110,281,1
42028,110,282,1
42031,110,285,1
42050,110,304,1
42053,110,307,1
42074,110,328,1
42084,110,338,1
42086,110,340,1
42097,110,351,1
42103,110,357,1
42110,110,364,1
42124,110,378,1
42138,111,9,1
42139,111,10,1
42140,111,11,1
42167,111,38,1
42188,111,59,1
42368,111,239,1
42521,112,9,1
42570,112,58,1
42571,112,59,1
42617,112,105,1
42697,112,185,1
42867,112,355,1
42876,112,364,1
42889,112,377,1
42904,113,9,1
42954,113,59,1
42958,113,63,1
42988,113,93,1
43002,113,107,1
43014,113,119,1
43015,113,120,1
43021,113,126,1
43040,113,145,1
43054,113,159,1
43134,113,239,1
43148,113,253,1
43152,113,257,1
43177,113,282,1
43185,113,290,1
43199,113,304,1
43202,113,307,1
43216,113,321,1
43222,113,327,1
43223,113,328,1
43225,113,330,1
43272,113,377,1
43288,114,10,1
43289,114,11,1
43337,114,59,1
43339,114,61,1
43343,114,65,1
43371,114,93,1
43373,114,95,1
43404,114,126,1
43423,114,145,1
43437,114,159,1
43441,114,163,1
43494,114,216,1
43496,114,218,1
43540,114,262,1
43582,114,304,1
43592,114,314,1
43604,114,326,1
43606,114,328,1
43642,114,364,1
43648,114,370,1
43671,115,10,1
43824,115,163,1
43839,115,178,1
43880,115,219,1
44054,116,10,1
44055,116,11,1
44103,116,59,1
44137,116,93,1
44151,116,107,1
44191,116,147,1
44242,116,198,1
44296,116,252,1
44359,116,315,1
44380,116,336,1
44400,116,356,1
44427,116,383,1
44438,117,11,1
44460,117,33,1
44477,117,50,1
44486,117,59,1
44488,117,61,1
44490,117,63,1
44499,117,72,1
44519,117,92,1
44520,117,93,1
44537,117,110,1
44546,117,119,1
44547,117,120,1
44553,117,126,1
44586,117,159,1
44590,117,163,1
44598,117,171,1
44613,117,186,1
44618,117,191,1
44646,117,219,1
44653,117,226,1
44659,117,232,1
44663,117,236,1
44674,117,247,1
44680,117,253,1
44684,117,257,1
44696,117,269,1
44708,117,281,1
44709,117,282,1
44718,117,291,1
44731,117,304,1
44734,117,307,1
44744,117,317,1
44748,117,321,1
44750,117,323,1
44755,117,328,1
44768,117,341,1
44774,117,347,1
44776,117,349,1
44821,118,11,1
44843,118,33,1
44860,118,50,1
44869,118,59,1
44873,118,63,1
44874,118,64,1
44902,118,92,1
44903,118,93,1
44920,118,110,1
44929,118,119,1
44930,118,120,1
44933,118,123,1
44936,118,126,1
44969,118,159,1
44973,118,163,1
44979,118,169,1
44996,118,186,1
45001,118,191,1
45003,118,193,1
45017,118,207,1
45029,118,219,1
45046,118,236,1
45057,118,247,1
45063,118,253,1
45072,118,262,1
45079,118,269,1
45091,118,281,1
45092,118,282,1
45105,118,295,1
45114,118,304,1
45117,118,307,1
45124,118,314,1
45127,118,317,1
45138,118,328,1
45151,118,341,1
45159,118,349,1
45204,119,11,1
45226,119,33,1
45243,119,50,1
45252,119,59,1
45254,119,61,1
45256,119,63,1
45258,119,65,1
45281,119,88,1
45285,119,92,1
45303,119,110,1
45312,119,119,1
45313,119,120,1
45317,119,124,1
45338,119,145,1
45352,119,159,1
45356,119,163,1
45379,119,186,1
45384,119,191,1
45412,119,219,1
45429,119,236,1
45440,119,247,1
45446,119,253,1
45461,119,268,1
45462,119,269,1
45474,119,281,1
45475,119,282,1
45497,119,304,1
45500,119,307,1
45510,119,317,1
45521,119,328,1
45534,119,341,1
45542,119,349,1
45587,120,11,1
45591,120,15,1
45592,120,16,1
45614,120,38,1
45626,120,50,1
45629,120,53,1
45630,120,54,1
45635,120,59,1
45639,120,63,1
45641,120,65,1
45656,120,80,1
45668,120,92,1
45699,120,123,1
45723,120,147,1
45739,120,163,1
45745,120,169,1
45756,120,180,1
45782,120,206,1
45783,120,207,1
45792,120,216,1
45810,120,234,1
45829,120,253,1
45831,120,255,1
45847,120,271,1
45858,120,282,1
45866,120,290,1
45880,120,304,1
45889,120,313,1
45904,120,328,1
45923,120,347,1
45929,120,353,1
45940,120,364,1
45949,120,373,1
45950,120,374,1
45970,121,11,1
45991,121,32,1
45997,121,38,1
46009,121,50,1
46051,121,92,1
46060,121,101,1
46082,121,123,1
46122,121,163,1
46128,121,169,1
46138,121,179,1
46150,121,191,1
46195,121,236,1
46221,121,262,1
46230,121,271,1
46241,121,282,1
46255,121,296,1
46266,121,307,1
46287,121,328,1
46312,121,353,1
46323,121,364,1
46326,121,367,1
46353,122,11,1
46358,122,16,1
46376,122,34,1
46392,122,50,1
46407,122,65,1
46434,122,92,1
46435,122,93,1
46487,122,145,1
46536,122,194,1
46549,122,207,1
46578,122,236,1
46595,122,253,1
46599,122,257,1
46624,122,282,1
46632,122,290,1
46640,122,298,1
46678,122,336,1
46695,122,353,1
46706,122,364,1
46736,123,11,1
46775,123,50,1
46779,123,54,1
46784,123,59,1
46788,123,63,1
46818,123,93,1
46870,123,145,1
46872,123,147,1
46888,123,163,1
46965,123,240,1
47016,123,291,1
47089,123,364,1
47102,123,377,1
47119,124,11,1
47131,124,23,1
47142,124,34,1
47146,124,38,1
47149,124,41,1
47167,124,59,1
47169,124,61,1
47238,124,130,1
47255,124,147,1
47271,124,163,1
47281,124,173,1
47312,124,204,1
47324,124,216,1
47327,124,219,1
47339,124,231,1
47361,124,253,1
47380,124,272,1
47390,124,282,1
47415,124,307,1
47425,124,317,1
47436,124,328,1
47446,124,338,1
47461,124,353,1
47470,124,362,1
47473,124,365,1
47479,124,371,1
47485,124,377,1
47486,124,378,1
47502,125,11,1
47526,125,35,1
47535,125,44,1
47540,125,49,1
47541,125,50,1
47544,125,53,1
47550,125,59,1
47552,125,61,1
47556,125,65,1
47562,125,71,1
47584,125,93,1
47586,125,95,1
47607,125,116,1
47614,125,123,1
47633,125,142,1
47636,125,145,1
47638,125,147,1
47666,125,175,1
47667,125,176,1
47682,125,191,1
47702,125,211,1
47707,125,216,1
47710,125,219,1
47718,125,227,1
47727,125,236,1
47738,125,247,1
47741,125,250,1
47744,125,253,1
47751,125,260,1
47753,125,262,1
47760,125,269,1
47773,125,282,1
47776,125,285,1
47798,125,307,1
47800,125,309,1
47810,125,319,1
47811,125,320,1
47819,125,328,1
47840,125,349,1
47855,125,364,1
47861,125,370,1
47868,125,377,1
47885,126,11,1
47912,126,38,1
47924,126,50,1
47937,126,63,1
47943,126,69,1
47966,126,92,1
47972,126,98,1
47994,126,120,1
48019,126,145,1
48037,126,163,1
48043,126,169,1
48065,126,191,1
48079,126,205,1
48090,126,216,1
48127,126,253,1
48159,126,285,1
48180,126,306,1
48200,126,326,1
48202,126,328,1
48219,126,345,1
48252,126,378,1
48268,127,11,1
48290,127,33,1
48350,127,93,1
48383,127,126,1
48420,127,163,1
48430,127,173,1
48435,127,178,1
48519,127,262,1
48539,127,282,1
48567,127,310,1
48589,127,332,1
48635,127,378,1
48651,128,11,1
48690,128,50,1
48699,128,59,1
48733,128,93,1
48742,128,102,1
48745,128,105,1
48876,128,236,1
48950,128,310,1
48954,128,314,1
48968,128,328,1
48985,128,345,1
49004,128,364,1
49034,129,11,1
49073,129,50,1
49351,129,328,1
49368,129,345,1
49417,130,11,1
49440,130,34,1
49456,130,50,1
49465,130,59,1
49469,130,63,1
49499,130,93,1
49522,130,116,1
49553,130,147,1
49642,130,236,1
49660,130,254,1
49666,130,260,1
49668,130,262,1
49669,130,263,1
49685,130,279,1
49688,130,282,1
49696,130,290,1
49710,130,304,1
49716,130,310,1
49734,130,328,1
49770,130,364,1
49781,130,375,1
49800,131,11,1
49830,131,41,1
49839,131,50,1
49842,131,53,1
49848,131,59,1
49854,131,65,1
49882,131,93,1
49894,131,105,1
49909,131,120,1
49912,131,123,1
49915,131,126,1
49931,131,142,1
49936,131,147,1
49948,131,159,1
49995,131,206,1
50021,131,232,1
50025,131,236,1
50042,131,253,1
50046,131,257,1
50093,131,304,1
50096,131,307,1
50117,131,328,1
50134,131,345,1
50150,131,361,1
50153,131,364,1
50159,131,370,1
50167,131,378,1
50183,132,11,1
50231,132,59,1
50317,132,145,1
50408,132,236,1
50424,132,252,1
50513,132,341,1
50517,132,345,1
50566,133,11,1
50708,133,153,1
50827,133,272,1
50949,134,11,1
50988,134,50,1
51111,134,173,1
51190,134,252,1
51200,134,262,1
51201,134,263,1
51242,134,304,1
51302,134,364,1
51332,135,11,1
51382,135,61,1
51413,135,92,1
51441,135,120,1
51484,135,163,1
51486,135,165,1
51506,135,185,1
51540,135,219,1
51661,135,340,1
51696,135,375,1
51697,135,376,1
51699,135,378,1
51715,136,11,1
51744,136,40,1
51763,136,59,1
51780,136,76,1
51797,136,93,1
51849,136,145,1
51863,136,159,1
51875,136,171,1
51965,136,261,1
52045,136,341,1
52079,136,375,1
52098,137,11,1
52210,137,123,1
52386,137,299,1
52482,138,12,1
52491,138,21,1
52514,138,44,1
52520,138,50,1
52529,138,59,1
52531,138,61,1
52533,138,63,1
52534,138,64,1
52536,138,66,1
52537,138,67,1
52539,138,69,1
52563,138,93,1
52567,138,97,1
52570,138,100,1
52590,138,120,1
52596,138,126,1
52627,138,157,1
52633,138,163,1
52641,138,171,1
52643,138,173,1
52680,138,210,1
52697,138,227,1
52706,138,236,1
52711,138,241,1
52723,138,253,1
52732,138,262,1
52734,138,264,1
52746,138,276,1
52752,138,282,1
52772,138,302,1
52774,138,304,1
52777,138,307,1
52780,138,310,1
52798,138,328,1
52802,138,332,1
52808,138,338,1
52827,138,357,1
52834,138,364,1
52839,138,369,1
52847,138,377,1
52868,139,15,1
53000,139,147,1
53070,139,217,1
53143,139,290,1
53252,140,16,1
53270,140,34,1
53286,140,50,1
53295,140,59,1
53328,140,92,1
53329,140,93,1
53333,140,97,1
53343,140,107,1
53378,140,142,1
53383,140,147,1
53395,140,159,1
53399,140,163,1
53440,140,204,1
53452,140,216,1
53472,140,236,1
53489,140,253,1
53498,140,262,1
53515,140,279,1
53532,140,296,1
53543,140,307,1
53553,140,317,1
53564,140,328,1
53600,140,364,1
53613,140,377,1
53635,141,16,1
53651,141,32,1
53653,141,34,1
53669,141,50,1
53678,141,59,1
53680,141,61,1
53682,141,63,1
53684,141,65,1
53695,141,76,1
53696,141,77,1
53701,141,82,1
53707,141,88,1
53712,141,93,1
53738,141,119,1
53761,141,142,1
53764,141,145,1
53766,141,147,1
53855,141,236,1
53859,141,240,1
53871,141,252,1
53872,141,253,1
53888,141,269,1
53909,141,290,1
53926,141,307,1
53947,141,328,1
53960,141,341,1
53975,141,356,1
53983,141,364,1
53985,141,366,1
54018,142,16,1
54026,142,24,1
54052,142,50,1
54094,142,92,1
54147,142,145,1
54149,142,147,1
54182,142,180,1
54237,142,235,1
54238,142,236,1
54263,142,261,1
54292,142,290,1
54306,142,304,1
54309,142,307,1
54323,142,321,1
54325,142,323,1
54366,142,364,1
54401,143,16,1
54444,143,59,1
54448,143,63,1
54478,143,93,1
54492,143,107,1
54508,143,123,1
54591,143,206,1
54602,143,217,1
54637,143,252,1
54666,143,281,1
54730,143,345,1
54755,143,370,1
54761,143,376,1
54784,144,16,1
54818,144,50,1
54887,144,119,1
54913,144,145,1
55020,144,252,1
55021,144,253,1
55052,144,284,1
55072,144,304,1
55096,144,328,1
55104,144,336,1
55167,145,16,1
55205,145,54,1
55210,145,59,1
55280,145,129,1
55296,145,145,1
55367,145,216,1
55370,145,219,1
55387,145,236,1
55420,145,269,1
55436,145,285,1
55453,145,302,1
55472,145,321,1
55480,145,329,1
55515,145,364,1
55550,146,16,1
55584,146,50,1
55593,146,59,1
55595,146,61,1
55597,146,63,1
55599,146,65,1
55627,146,93,1
55654,146,120,1
55660,146,126,1
55690,146,156,1
55697,146,163,1
55724,146,190,1
55730,146,196,1
55750,146,216,1
55755,146,221,1
55766,146,232,1
55770,146,236,1
55787,146,253,1
55789,146,255,1
55813,146,279,1
55815,146,281,1
55816,146,282,1
55836,146,302,1
55838,146,304,1
55841,146,307,1
55844,146,310,1
55862,146,328,1
55866,146,332,1
55875,146,341,1
55876,146,342,1
55880,146,346,1
55895,146,361,1
55898,146,364,1
55911,146,377,1
55912,146,378,1
55933,147,16,1
55976,147,59,1
56136,147,219,1
56253,147,336,1
56316,148,16,1
56344,148,44,1
56349,148,49,1
56350,148,50,1
56361,148,61,1
56363,148,63,1
56365,148,65,1
56369,148,69,1
56392,148,92,1
56393,148,93,1
56419,148,119,1
56445,148,145,1
56447,148,147,1
56459,148,159,1
56476,148,176,1
56477,148,177,1
56480,148,180,1
56510,148,210,1
56536,148,236,1
56541,148,241,1
56552,148,252,1
56553,148,253,1
56576,148,276,1
56581,148,281,1
56582,148,282,1
56590,148,290,1
56604,148,304,1
56653,148,353,1
56664,148,364,1
56670,148,370,1
56677,148,377,1
56678,148,378,1
56682,148,382,1
56683,148,383,1
56700,149,17,1
56710,149,27,1
56711,149,28,1
56733,149,50,1
56742,149,59,1
56746,149,63,1
56758,149,75,1
56765,149,82,1
56776,149,93,1
56809,149,126,1
56828,149,145,1
56844,149,161,1
56846,149,163,1
56869,149,186,1
56902,149,219,1
56919,149,236,1
56923,149,240,1
56928,149,245,1
56931,149,248,1
56936,149,253,1
56942,149,259,1
56964,149,281,1
56990,149,307,1
56993,149,310,1
56999,149,316,1
57006,149,323,1
57011,149,328,1
57084,150,18,1
57116,150,50,1
57124,150,58,1
57129,150,63,1
57159,150,93,1
57177,150,111,1
57211,150,145,1
57252,150,186,1
57272,150,206,1
57282,150,216,1
57302,150,236,1
57329,150,263,1
57330,150,264,1
57332,150,266,1
57337,150,271,1
57345,150,279,1
57348,150,282,1
57392,150,326,1
57398,150,332,1
57408,150,342,1
57419,150,353,1
57430,150,364,1
57434,150,368,1
57448,150,382,1
57473,151,24,1
57482,151,33,1
57508,151,59,1
57510,151,61,1
57569,151,120,1
57573,151,124,1
57659,151,210,1
57856,152,24,1
57895,152,63,1
57952,152,120,1
58022,152,190,1
58085,152,253,1
58239,153,24,1
58274,153,59,1
58551,153,336,1
58624,154,26,1
58645,154,47,1
58648,154,50,1
58652,154,54,1
58657,154,59,1
58659,154,61,1
58661,154,63,1
58663,154,65,1
58703,154,105,1
58706,154,108,1
58717,154,119,1
58718,154,120,1
58724,154,126,1
58733,154,135,1
58743,154,145,1
58757,154,159,1
58769,154,171,1
58791,154,193,1
58800,154,202,1
58814,154,216,1
58825,154,227,1
58834,154,236,1
58838,154,240,1
58839,154,241,1
58852,154,254,1
58855,154,257,1
58860,154,262,1
58862,154,264,1
58877,154,279,1
58879,154,281,1
58880,154,282,1
58908,154,310,1
58919,154,321,1
58939,154,341,1
58940,154,342,1
58943,154,345,1
58951,154,353,1
58962,154,364,1
58975,154,377,1
59007,155,26,1
59017,155,36,1
59031,155,50,1
59040,155,59,1
59042,155,61,1
59044,155,63,1
59046,155,65,1
59152,155,171,1
59217,155,236,1
59220,155,239,1
59234,155,253,1
59263,155,282,1
59285,155,304,1
59309,155,328,1
59334,155,353,1
59351,155,370,1
59390,156,26,1
59425,156,61,1
59511,156,147,1
59527,156,163,1
59599,156,235,1
59600,156,236,1
59605,156,241,1
59617,156,253,1
59619,156,255,1
59646,156,282,1
59660,156,296,1
59668,156,304,1
59677,156,313,1
59717,156,353,1
59777,157,30,1
59785,157,38,1
59797,157,50,1
59801,157,54,1
59806,157,59,1
59812,157,65,1
59839,157,92,1
59840,157,93,1
59902,157,155,1
59983,157,236,1
60004,157,257,1
60009,157,262,1
60046,157,299,1
60049,157,302,1
60051,157,304,1
60092,157,345,1
60111,157,364,1
60162,158,32,1
60166,158,36,1
60170,158,40,1
60180,158,50,1
60181,158,51,1
60189,158,59,1
60193,158,63,1
60222,158,92,1
60223,158,93,1
60256,158,126,1
60275,158,145,1
60284,158,154,1
60293,158,163,1
60296,158,166,1
60297,158,167,1
60310,158,180,1
60340,158,210,1
60342,158,212,1
60346,158,216,1
60348,158,218,1
60349,158,219,1
60352,158,222,1
60365,158,235,1
60366,158,236,1
60370,158,240,1
60371,158,241,1
60374,158,244,1
60375,158,245,1
60378,158,248,1
60382,158,252,1
60383,158,253,1
60390,158,260,1
60396,158,266,1
60412,158,282,1
60420,158,290,1
60432,158,302,1
60434,158,304,1
60448,158,318,1
60471,158,341,1
60494,158,364,1
60503,158,373,1
60507,158,377,1
60508,158,378,1
60510,158,380,1
60545,159,32,1
60572,159,59,1
60752,159,239,1
60866,159,353,1
60928,160,32,1
60934,160,38,1
60959,160,63,1
60961,160,65,1
61055,160,159,1
61103,160,207,1
61136,160,240,1
61161,160,265,1
61260,160,364,1
61278,160,382,1
61311,161,32,1
61338,161,59,1
61371,161,92,1
61561,161,282,1
61622,161,343,1
61628,161,349,1
61695,162,33,1
61706,162,44,1
61712,162,50,1
61721,162,59,1
61725,162,63,1
61754,162,92,1
61759,162,97,1
61772,162,110,1
61781,162,119,1
61782,162,120,1
61821,162,159,1
61825,162,163,1
61848,162,186,1
61853,162,191,1
61881,162,219,1
61898,162,236,1
61909,162,247,1
61915,162,253,1
61917,162,255,1
61930,162,268,1
61931,162,269,1
61943,162,281,1
61944,162,282,1
61966,162,304,1
61969,162,307,1
61979,162,317,1
62003,162,341,1
62011,162,349,1
62026,162,364,1
62028,162,366,1
62078,163,33,1
62095,163,50,1
62104,163,59,1
62106,163,61,1
62108,163,63,1
62137,163,92,1
62155,163,110,1
62164,163,119,1
62165,163,120,1
62187,163,142,1
62204,163,159,1
62231,163,186,1
62236,163,191,1
62264,163,219,1
62271,163,226,1
62281,163,236,1
62292,163,247,1
62298,163,253,1
62306,163,261,1
62314,163,269,1
62326,163,281,1
62327,163,282,1
62349,163,304,1
62352,163,307,1
62362,163,317,1
62386,163,341,1
62394,163,349,1
62398,163,353,1
62409,163,364,1
62461,164,33,1
62472,164,44,1
62474,164,46,1
62478,164,50,1
62481,164,53,1
62487,164,59,1
62491,164,63,1
62493,164,65,1
62496,164,68,1
62520,164,92,1
62538,164,110,1
62547,164,119,1
62548,164,120,1
62587,164,159,1
62614,164,186,1
62619,164,191,1
62647,164,219,1
62660,164,232,1
62664,164,236,1
62675,164,247,1
62681,164,253,1
62690,164,262,1
62697,164,269,1
62709,164,281,1
62710,164,282,1
62732,164,304,1
62735,164,307,1
62745,164,317,1
62769,164,341,1
62777,164,349,1
62845,165,34,1
62864,165,53,1
62870,165,59,1
62872,165,61,1
62874,165,63,1
62876,165,65,1
62958,165,147,1
62970,165,159,1
63021,165,210,1
63029,165,218,1
63047,165,236,1
63051,165,240,1
63064,165,253,1
63092,165,281,1
63093,165,282,1
63101,165,290,1
63115,165,304,1
63119,165,308,1
63181,165,370,1
63188,165,377,1
63228,166,34,1
63244,166,50,1
63247,166,53,1
63255,166,61,1
63270,166,76,1
63287,166,93,1
63339,166,145,1
63341,166,147,1
63365,166,171,1
63447,166,253,1
63475,166,281,1
63476,166,282,1
63479,166,285,1
63558,166,364,1
63571,166,377,1
63611,167,34,1
63627,167,50,1
63636,167,59,1
63642,167,65,1
63684,167,107,1
63733,167,156,1
63736,167,159,1
63813,167,236,1
63816,167,239,1
63848,167,271,1
63862,167,285,1
63884,167,307,1
63907,167,330,1
63947,167,370,1
63994,168,34,1
63997,168,37,1
63998,168,38,1
64010,168,50,1
64013,168,53,1
64019,168,59,1
64029,168,69,1
64040,168,80,1
64053,168,93,1
64057,168,97,1
64080,168,120,1
64100,168,140,1
64122,168,162,1
64123,168,163,1
64131,168,171,1
64146,168,186,1
64158,168,198,1
64178,168,218,1
64196,168,236,1
64199,168,239,1
64245,168,285,1
64267,168,307,1
64274,168,314,1
64340,168,380,1
64377,169,34,1
64393,169,50,1
64402,169,59,1
64404,169,61,1
64408,169,65,1
64436,169,93,1
64485,169,142,1
64506,169,163,1
64579,169,236,1
64598,169,255,1
64605,169,262,1
64633,169,290,1
64684,169,341,1
64707,169,364,1
64709,169,366,1
64721,169,378,1
64760,170,34,1
64865,170,139,1
65102,170,376,1
65144,171,35,1
65159,171,50,1
65162,171,53,1
65168,171,59,1
65170,171,61,1
65174,171,65,1
65229,171,120,1
65254,171,145,1
65328,171,219,1
65329,171,220,1
65361,171,252,1
65379,171,270,1
65399,171,290,1
65416,171,307,1
65486,171,377,1
65487,171,378,1
65527,172,35,1
65542,172,50,1
65543,172,51,1
65551,172,59,1
65555,172,63,1
65584,172,92,1
65585,172,93,1
65683,172,191,1
65711,172,219,1
65728,172,236,1
65744,172,252,1
65749,172,257,1
65755,172,263,1
65774,172,282,1
65794,172,302,1
65796,172,304,1
65820,172,328,1
65856,172,364,1
65862,172,370,1
65869,172,377,1
65910,173,35,1
65925,173,50,1
65934,173,59,1
65940,173,65,1
65967,173,92,1
66001,173,126,1
66038,173,163,1
66046,173,171,1
66060,173,185,1
66114,173,239,1
66128,173,253,1
66179,173,304,1
66182,173,307,1
66203,173,328,1
66239,173,364,1
66252,173,377,1
66293,174,35,1
66351,174,93,1
66464,174,206,1
66511,174,253,1
66519,174,261,1
66677,175,36,1
66694,175,53,1
66700,175,59,1
66704,175,63,1
66706,175,65,1
66733,175,92,1
66734,175,93,1
66760,175,119,1
66761,175,120,1
66764,175,123,1
66783,175,142,1
66786,175,145,1
66800,175,159,1
66804,175,163,1
66812,175,171,1
66827,175,186,1
66845,175,204,1
66853,175,212,1
66860,175,219,1
66863,175,222,1
66876,175,235,1
66877,175,236,1
66878,175,237,1
66880,175,239,1
66894,175,253,1
66943,175,302,1
66948,175,307,1
66961,175,320,1
66971,175,330,1
66980,175,339,1
66982,175,341,1
66996,175,355,1
66999,175,358,1
67004,175,363,1
67005,175,364,1
67018,175,377,1
67060,176,36,1
67074,176,50,1
67083,176,59,1
67085,176,61,1
67089,176,65,1
67117,176,93,1
67143,176,119,1
67144,176,120,1
67147,176,123,1
67150,176,126,1
67169,176,145,1
67243,176,219,1
67260,176,236,1
67276,176,252,1
67277,176,253,1
67279,176,255,1
67303,176,279,1
67352,176,328,1
67380,176,356,1
67443,177,36,1
67457,177,50,1
67468,177,61,1
67500,177,93,1
67507,177,100,1
67552,177,145,1
67592,177,185,1
67624,177,217,1
67660,177,253,1
67678,177,271,1
67684,177,277,1
67698,177,291,1
67771,177,364,1
67777,177,370,1
67784,177,377,1
67826,178,36,1
67828,178,38,1
67831,178,41,1
67840,178,50,1
67849,178,59,1
67851,178,61,1
67855,178,65,1
67882,178,92,1
67883,178,93,1
67897,178,107,1
67916,178,126,1
67935,178,145,1
67996,178,206,1
68022,178,232,1
68026,178,236,1
68029,178,239,1
68030,178,240,1
68043,178,253,1
68094,178,304,1
68097,178,307,1
68118,178,328,1
68146,178,356,1
68147,178,357,1
68152,178,362,1
68154,178,364,1
68159,178,369,1
68166,178,376,1
68209,179,36,1
68323,179,150,1
68426,179,253,1
68594,180,38,1
68605,180,49,1
68606,180,50,1
68615,180,59,1
68619,180,63,1
68621,180,65,1
68649,180,93,1
68682,180,126,1
68719,180,163,1
68799,180,243,1
68841,180,285,1
68911,180,355,1
68920,180,364,1
68926,180,370,1
68977,181,38,1
68993,181,54,1
68998,181,59,1
69004,181,65,1
69084,181,145,1
69086,181,147,1
69098,181,159,1
69158,181,219,1
69160,181,221,1
69208,181,269,1
69224,181,285,1
69243,181,304,1
69360,182,38,1
69381,182,59,1
69383,182,61,1
69410,182,88,1
69423,182,101,1
69445,182,123,1
69485,182,163,1
69539,182,217,1
69552,182,230,1
69558,182,236,1
69607,182,285,1
69629,182,307,1
69653,182,331,1
69675,182,353,1
69686,182,364,1
69699,182,377,1
69743,183,38,1
69764,183,59,1
69768,183,63,1
69850,183,145,1
69868,183,163,1
69941,183,236,1
69956,183,251,1
69967,183,262,1
69984,183,279,1
70126,184,38,1
70241,184,153,1
70259,184,171,1
70390,184,302,1
70509,185,38,1
70530,185,59,1
70634,185,163,1
70652,185,181,1
70733,185,262,1
70773,185,302,1
70797,185,326,1
70892,186,38,1
70999,186,145,1
71094,186,240,1
71105,186,251,1
71106,186,252,1
71275,187,38,1
71296,187,59,1
71477,187,240,1
71490,187,253,1
71563,187,326,1
71613,187,376,1
71658,188,38,1
71967,188,347,1
72041,189,38,1
72096,189,93,1
72230,189,227,1
72305,189,302,1
72424,190,38,1
72436,190,50,1
72438,190,52,1
72596,190,210,1
72603,190,217,1
72605,190,219,1
72608,190,222,1
72624,190,238,1
72625,190,239,1
72667,190,281,1
72668,190,282,1
72809,191,40,1
72819,191,50,1
72822,191,53,1
72895,191,126,1
72899,191,130,1
72914,191,145,1
72916,191,147,1
72928,191,159,1
72932,191,163,1
73022,191,253,1
73051,191,282,1
73073,191,304,1
73092,191,323,1
73129,191,360,1
73133,191,364,1
73145,191,376,1
73147,191,378,1
73192,192,40,1
73205,192,53,1
73299,192,147,1
73390,192,238,1
73434,192,282,1
73499,192,347,1
73516,192,364,1
73521,192,369,1
73522,192,370,1
73575,193,40,1
73588,193,53,1
73594,193,59,1
73609,193,74,1
73628,193,93,1
73698,193,163,1
73704,193,169,1
73708,193,173,1
73767,193,232,1
73817,193,282,1
73818,193,283,1
73899,193,364,1
73904,193,369,1
73913,193,378,1
73958,194,40,1
73968,194,50,1
73971,194,53,1
73977,194,59,1
73992,194,74,1
74000,194,82,1
74011,194,93,1
74052,194,134,1
74065,194,147,1
74081,194,163,1
74087,194,169,1
74170,194,252,1
74200,194,282,1
74201,194,283,1
74238,194,320,1
74246,194,328,1
74282,194,364,1
74287,194,369,1
74341,195,40,1
74351,195,50,1
74425,195,124,1
74448,195,147,1
74553,195,252,1
74554,195,253,1
74605,195,304,1
74724,196,40,1
74734,196,50,1
74743,196,59,1
74745,196,61,1
74804,196,120,1
74834,196,150,1
74847,196,163,1
74998,196,314,1
75048,196,364,1
75060,196,376,1
75111,197,44,1
75126,197,59,1
75494,198,44,1
75543,198,93,1
75826,198,376,1
75877,199,44,1
75883,199,50,1
75886,199,53,1
75892,199,59,1
75896,199,63,1
75978,199,145,1
75980,199,147,1
75992,199,159,1
75996,199,163,1
76086,199,253,1
76115,199,282,1
76137,199,304,1
76156,199,323,1
76178,199,345,1
76193,199,360,1
76197,199,364,1
76261,200,45,1
76266,200,50,1
76277,200,61,1
76279,200,63,1
76309,200,93,1
76336,200,120,1
76361,200,145,1
76422,200,206,1
76456,200,240,1
76498,200,282,1
76523,200,307,1
76537,200,321,1
76544,200,328,1
76563,200,347,1
76593,200,377,1
76648,201,49,1
76649,201,50,1
76658,201,59,1
76705,201,106,1
76744,201,145,1
76746,201,147,1
76821,201,222,1
76835,201,236,1
76860,201,261,1
77031,202,49,1
77041,202,59,1
77075,202,93,1
77129,202,147,1
77145,202,163,1
77217,202,235,1
77222,202,240,1
77234,202,252,1
77264,202,282,1
77267,202,285,1
77272,202,290,1
77286,202,304,1
77335,202,353,1
77415,203,50,1
77458,203,93,1
77484,203,119,1
77601,203,236,1
77672,203,307,1
77688,203,323,1
77718,203,353,1
77798,204,50,1
77807,204,59,1
77811,204,63,1
77841,204,93,1
77843,204,95,1
77861,204,113,1
77879,204,131,1
77880,204,132,1
77904,204,156,1
77906,204,158,1
77916,204,168,1
77917,204,169,1
77918,204,170,1
77919,204,171,1
77920,204,172,1
77932,204,184,1
77933,204,185,1
77938,204,190,1
77973,204,225,1
77977,204,229,1
77979,204,231,1
77980,204,232,1
77988,204,240,1
78001,204,253,1
78009,204,261,1
78030,204,282,1
78055,204,307,1
78076,204,328,1
78104,204,356,1
78112,204,364,1
78114,204,366,1
78118,204,370,1
78181,205,50,1
78564,206,50,1
78947,207,50,1
78958,207,61,1
79330,208,50,1
79339,208,59,1
79343,208,63,1
79372,208,92,1
79461,208,181,1
79713,209,50,1
80096,210,50,1
80107,210,61,1
80139,210,93,1
80166,210,120,1
80172,210,126,1
80282,210,236,1
80286,210,240,1
80298,210,252,1
80299,210,253,1
80331,210,285,1
80348,210,302,1
80350,210,304,1
80353,210,307,1
80374,210,328,1
80387,210,341,1
80410,210,364,1
80423,210,377,1
80479,211,50,1
80862,212,50,1
81148,212,336,1
81245,213,50,1
81254,213,59,1
81505,213,310,1
81571,213,376,1
81628,214,50,1
81639,214,61,1
81641,214,63,1
81859,214,281,1
81906,214,328,1
81942,214,364,1
81948,214,370,1
82011,215,50,1
82394,216,50,1
82403,216,59,1
82405,216,61,1
82409,216,65,1
82432,216,88,1
82437,216,93,1
82439,216,95,1
82489,216,145,1
82491,216,147,1
82503,216,159,1
82507,216,163,1
82513,216,169,1
82534,216,190,1
82535,216,191,1
82542,216,198,1
82554,216,210,1
82560,216,216,1
82561,216,217,1
82563,216,219,1
82565,216,221,1
82580,216,236,1
82581,216,237,1
82584,216,240,1
82585,216,241,1
82592,216,248,1
82597,216,253,1
82604,216,260,1
82613,216,269,1
82626,216,282,1
82629,216,285,1
82643,216,299,1
82646,216,302,1
82665,216,321,1
82667,216,323,1
82673,216,329,1
82708,216,364,1
82710,216,366,1
82714,216,370,1
82722,216,378,1
82777,217,50,1
82786,217,59,1
82943,217,216,1
83031,217,304,1
83065,217,338,1
83070,217,343,1
83091,217,364,1
83160,218,50,1
83203,218,93,1
83543,219,50,1
83552,219,59,1
83554,219,61,1
83556,219,63,1
83560,219,67,1
83579,219,86,1
83586,219,93,1
83612,219,119,1
83656,219,163,1
83666,219,173,1
83667,219,174,1
83703,219,210,1
83712,219,219,1
83729,219,236,1
83745,219,252,1
83755,219,262,1
83775,219,282,1
83800,219,307,1
83803,219,310,1
83819,219,326,1
83857,219,364,1
83863,219,370,1
83870,219,377,1
83926,220,50,1
84021,220,145,1
84309,221,50,1
84318,221,59,1
84379,221,120,1
84692,222,50,1
84701,222,59,1
84707,222,65,1
84749,222,107,1
84787,222,145,1
84789,222,147,1
84848,222,206,1
84877,222,235,1
84882,222,240,1
84887,222,245,1
84895,222,253,1
84897,222,255,1
84924,222,282,1
84946,222,304,1
84965,222,323,1
84987,222,345,1
84995,222,353,1
85006,222,364,1
85016,222,374,1
85020,222,378,1
85075,223,50,1
85084,223,59,1
85086,223,61,1
85088,223,63,1
85090,223,65,1
85103,223,78,1
85104,223,79,1
85117,223,92,1
85118,223,93,1
85170,223,145,1
85172,223,147,1
85188,223,163,1
85261,223,236,1
85265,223,240,1
85277,223,252,1
85278,223,253,1
85306,223,281,1
85307,223,282,1
85310,223,285,1
85329,223,304,1
85332,223,307,1
85353,223,328,1
85389,223,364,1
85395,223,370,1
85402,223,377,1
85403,223,378,1
85458,224,50,1
85467,224,59,1
85500,224,92,1
85501,224,93,1
85528,224,120,1
85534,224,126,1
85553,224,145,1
85564,224,156,1
85571,224,163,1
85590,224,182,1
85624,224,216,1
85644,224,236,1
85649,224,241,1
85661,224,253,1
85669,224,261,1
85670,224,262,1
85690,224,282,1
85712,224,304,1
85716,224,308,1
85718,224,310,1
85736,224,328,1
85772,224,364,1
85778,224,370,1
85841,225,50,1
85850,225,59,1
85854,225,63,1
85884,225,93,1
85935,225,144,1
85936,225,145,1
85938,225,147,1
85964,225,173,1
85983,225,192,1
86010,225,219,1
86027,225,236,1
86028,225,237,1
86043,225,252,1
86073,225,282,1
86076,225,285,1
86095,225,304,1
86098,225,307,1
86119,225,328,1
86134,225,343,1
86155,225,364,1
86166,225,375,1
86168,225,377,1
86224,226,50,1
86607,227,50,1
86616,227,59,1
86622,227,65,1
86626,227,69,1
86649,227,92,1
86664,227,107,1
86704,227,147,1
86719,227,162,1
86720,227,163,1
86728,227,171,1
86737,227,180,1
86748,227,191,1
86763,227,206,1
86773,227,216,1
86776,227,219,1
86789,227,232,1
86793,227,236,1
86797,227,240,1
86817,227,260,1
86828,227,271,1
86839,227,282,1
86859,227,302,1
86864,227,307,1
86880,227,323,1
86898,227,341,1
86910,227,353,1
86921,227,364,1
86929,227,372,1
86934,227,377,1
86937,227,380,1
86990,228,50,1
87015,228,75,1
87306,228,366,1
87373,229,50,1
87486,229,163,1
87542,229,219,1
87585,229,262,1
87668,229,345,1
87756,230,50,1
87759,230,53,1
87763,230,57,1
87765,230,59,1
87769,230,63,1
87798,230,92,1
87851,230,145,1
87853,230,147,1
87865,230,159,1
87869,230,163,1
87958,230,252,1
87959,230,253,1
87988,230,282,1
88010,230,304,1
88029,230,323,1
88066,230,360,1
88070,230,364,1
88076,230,370,1
88139,231,50,1
88142,231,53,1
88234,231,145,1
88236,231,147,1
88248,231,159,1
88341,231,252,1
88342,231,253,1
88371,231,282,1
88393,231,304,1
88412,231,323,1
88449,231,360,1
88453,231,364,1
88522,232,50,1
88905,233,50,1
89288,234,50,1
89297,234,59,1
89301,234,63,1
89331,234,93,1
89338,234,100,1
89343,234,105,1
89345,234,107,1
89401,234,163,1
89436,234,198,1
89491,234,253,1
89500,234,262,1
89505,234,267,1
89542,234,304,1
89566,234,328,1
89602,234,364,1
89671,235,50,1
89680,235,59,1
89684,235,63,1
89721,235,100,1
90054,236,50,1
90063,236,59,1
90104,236,100,1
90353,236,349,1
90437,237,50,1
90446,237,59,1
90820,238,50,1
90833,238,63,1
90863,238,93,1
90893,238,123,1
90933,238,163,1
90980,238,210,1
91023,238,253,1
91060,238,290,1
91074,238,304,1
91089,238,319,1
91090,238,320,1
91203,239,50,1
91246,239,93,1
91248,239,95,1
91316,239,163,1
91443,239,290,1
91517,239,364,1
91586,240,50,1
91595,240,59,1
91599,240,63,1
91628,240,92,1
91656,240,120,1
91659,240,123,1
91699,240,163,1
91772,240,236,1
91775,240,239,1
91789,240,253,1
91854,240,318,1
91969,241,50,1
91978,241,59,1
91982,241,63,1
92011,241,92,1
92039,241,120,1
92082,241,163,1
92155,241,236,1
92158,241,239,1
92172,241,253,1
92352,242,50,1
92365,242,63,1
92395,242,93,1
92426,242,124,1
92447,242,145,1
92449,242,147,1
92465,242,163,1
92555,242,253,1
92567,242,265,1
92584,242,282,1
92606,242,304,1
92680,242,378,1
92735,243,50,1
92746,243,61,1
92995,243,310,1
93049,243,364,1
93118,244,50,1
93127,244,59,1
93320,244,252,1
93396,244,328,1
93413,244,345,1
93432,244,364,1
93501,245,50,1
93753,245,302,1
93774,245,323,1
93884,246,50,1
93887,246,53,1
93893,246,59,1
93899,246,65,1
93927,246,93,1
93997,246,163,1
94072,246,238,1
94073,246,239,1
94105,246,271,1
94164,246,330,1
94267,247,50,1
94276,247,59,1
94280,247,63,1
94343,247,126,1
94362,247,145,1
94524,247,307,1
94650,248,50,1
95033,249,50,1
95416,250,50,1
95425,250,59,1
95799,251,50,1
95808,251,59,1
96182,252,50,1
96191,252,59,1
96193,252,61,1
96195,252,63,1
96225,252,93,1
96240,252,108,1
96257,252,125,1
96258,252,126,1
96274,252,142,1
96277,252,145,1
96279,252,147,1
96349,252,217,1
96354,252,222,1
96403,252,271,1
96414,252,282,1
96439,252,307,1
96451,252,319,1
96452,252,320,1
96472,252,340,1
96496,252,364,1
96507,252,375,1
96508,252,376,1
96565,253,50,1
96768,253,253,1
96819,253,304,1
96823,253,308,1
96843,253,328,1
96948,254,50,1
96957,254,59,1
96990,254,92,1
97224,254,326,1
97275,254,377,1
97331,255,50,1
97491,255,210,1
97533,255,252,1
97543,255,262,1
97626,255,345,1
97645,255,364,1
97714,256,50,1
97756,256,92,1
97892,256,228,1
97917,256,253,1
98097,257,50,1
98244,257,197,1
98300,257,253,1
98480,258,50,1
98620,258,190,1
98657,258,227,1
98666,258,236,1
98683,258,253,1
98771,258,341,1
98794,258,364,1
98863,259,50,1
98976,259,163,1
99098,259,285,1
99177,259,364,1
99246,260,50,1
99335,260,139,1
99435,260,239,1
99500,260,304,1
99560,260,364,1
99629,261,50,1
99818,261,239,1
99905,261,326,1
99943,261,364,1
100012,262,50,1
100088,262,126,1
100112,262,150,1
100244,262,282,1
100298,262,336,1
100326,262,364,1
100395,263,50,1
100404,263,59,1
100495,263,150,1
100669,263,324,1
100673,263,328,1
100778,264,50,1
100787,264,59,1
100878,264,150,1
101092,264,364,1
101161,265,50,1
101172,265,61,1
101204,265,93,1
101231,265,120,1
101261,265,150,1
101274,265,163,1
101475,265,364,1
101544,266,50,1
101553,266,59,1
101555,266,61,1
101614,266,120,1
101644,266,150,1
101657,266,163,1
101776,266,282,1
101927,267,50,1
101938,267,61,1
101997,267,120,1
102011,267,134,1
102040,267,163,1
102205,267,328,1
102241,267,364,1
102310,268,50,1
102380,268,120,1
102410,268,150,1
102423,268,163,1
102496,268,236,1
102542,268,282,1
102545,268,285,1
102567,268,307,1
102693,269,50,1
102702,269,59,1
102806,269,163,1
103007,269,364,1
103076,270,50,1
103118,270,92,1
103119,270,93,1
103239,270,213,1
103279,270,253,1
103459,271,50,1
103468,271,59,1
103502,271,93,1
103648,271,239,1
103758,271,349,1
103842,272,50,1
103853,272,61,1
103855,272,63,1
103885,272,93,1
103911,272,119,1
104045,272,253,1
104047,272,255,1
104052,272,260,1
104096,272,304,1
104099,272,307,1
104156,272,364,1
104225,273,50,1
104234,273,59,1
104238,273,63,1
104267,273,92,1
104367,273,192,1
104407,273,232,1
104411,273,236,1
104414,273,239,1
104415,273,240,1
104479,273,304,1
104503,273,328,1
104539,273,364,1
104544,273,369,1
104608,274,50,1
104827,274,269,1
104991,275,50,1
104995,275,54,1
105034,275,93,1
105112,275,171,1
105177,275,236,1
105179,275,238,1
105180,275,239,1
105223,275,282,1
105374,276,50,1
105389,276,65,1
105688,276,364,1
105757,277,50,1
106140,278,50,1
106155,278,65,1
106375,278,285,1
106433,278,343,1
106523,279,50,1
106612,279,139,1
106906,280,50,1
106909,280,53,1
106912,280,56,1
106915,280,59,1
106917,280,61,1
106949,280,93,1
106975,280,119,1
107003,280,147,1
107016,280,160,1
107020,280,164,1
107036,280,180,1
107092,280,236,1
107108,280,252,1
107109,280,253,1
107117,280,261,1
107160,280,304,1
107162,280,306,1
107163,280,307,1
107184,280,328,1
107195,280,339,1
107233,280,377,1
107292,281,53,1
107302,281,63,1
107304,281,65,1
107367,281,128,1
107384,281,145,1
107440,281,201,1
107478,281,239,1
107479,281,240,1
107579,281,340,1
107603,281,364,1
107610,281,371,1
107621,281,382,1
107675,282,53,1
107781,282,159,1
107945,282,323,1
107986,282,364,1
108058,283,53,1
108131,283,126,1
108164,283,159,1
108328,283,323,1
108369,283,364,1
108442,284,54,1
108825,285,54,1
109208,286,54,1
109217,286,63,1
109482,286,328,1
109531,286,377,1
109591,287,54,1
109600,287,63,1
109865,287,328,1
109914,287,377,1
109974,288,54,1
109983,288,63,1
110248,288,328,1
110297,288,377,1
110357,289,54,1
110366,289,63,1
110631,289,328,1
110680,289,377,1
110740,290,54,1
110749,290,63,1
111014,290,328,1
111063,290,377,1
111123,291,54,1
111132,291,63,1
111397,291,328,1
111446,291,377,1
111506,292,54,1
111515,292,63,1
111780,292,328,1
111829,292,377,1
111889,293,54,1
111898,293,63,1
112163,293,328,1
112212,293,377,1
112272,294,54,1
112344,294,126,1
112363,294,145,1
112377,294,159,1
112655,295,54,1
112660,295,59,1
112666,295,65,1
112694,295,93,1
112748,295,147,1
112837,295,236,1
112883,295,282,1
112891,295,290,1
112903,295,302,1
112905,295,304,1
112983,295,382,1
113038,296,54,1
113245,296,261,1
113426,297,59,1
113809,298,59,1
113880,298,130,1
113988,298,238,1
114032,298,282,1
114086,298,336,1
114127,298,377,1
114192,299,59,1
114575,300,59,1
114958,301,59,1
115152,301,253,1
115341,302,59,1
115441,302,159,1
115724,303,59,1
116107,304,59,1
116141,304,93,1
116490,305,59,1
116494,305,63,1
116550,305,119,1
116557,305,126,1
116590,305,159,1
116594,305,163,1
116649,305,218,1
116670,305,239,1
116691,305,260,1
116754,305,323,1
116759,305,328,1
116795,305,364,1
116807,305,376,1
116873,306,59,1
116875,306,61,1
116877,306,63,1
116887,306,73,1
116909,306,95,1
116951,306,137,1
116959,306,145,1
117050,306,236,1
117053,306,239,1
117147,306,333,1
117256,307,59,1
117290,307,93,1
117451,307,254,1
117487,307,290,1
117504,307,307,1
117639,308,59,1
117646,308,66,1
117649,308,69,1
117673,308,93,1
117699,308,119,1
117701,308,121,1
117722,308,142,1
117725,308,145,1
117743,308,163,1
117766,308,186,1
117851,308,271,1
117855,308,275,1
117859,308,279,1
118022,309,59,1
118056,309,93,1
118405,310,59,1
118476,310,130,1
118509,310,163,1
118582,310,236,1
118599,310,253,1
118653,310,307,1
118788,311,59,1
118905,311,176,1
118936,311,207,1
118982,311,253,1
119036,311,307,1
119171,312,59,1
119554,313,59,1
119640,313,145,1
119865,313,370,1
119937,314,59,1
119970,314,92,1
119971,314,93,1
120041,314,163,1
120114,314,236,1
120131,314,253,1
120206,314,328,1
120320,315,59,1
120322,315,61,1
120513,315,252,1
120514,315,253,1
120546,315,285,1
120703,316,59,1
120726,316,82,1
120739,316,95,1
120784,316,140,1
120828,316,184,1
120863,316,219,1
120901,316,257,1
120926,316,282,1
120934,316,290,1
120948,316,304,1
121008,316,364,1
121014,316,370,1
121086,317,59,1
121469,318,59,1
121662,318,252,1
121672,318,262,1
121852,319,59,1
121858,319,65,1
122056,319,263,1
122078,319,285,1
122235,320,59,1
122383,320,207,1
122524,320,348,1
122618,321,59,1
122652,321,93,1
122733,321,174,1
122889,321,330,1
123001,322,59,1
123007,322,65,1
123384,323,59,1
123425,323,100,1
123488,323,163,1
123564,323,239,1
123767,324,59,1
124150,325,59,1
124183,325,92,1
124354,325,263,1
124395,325,304,1
124533,326,59,1
124537,326,63,1
124637,326,163,1
124727,326,253,1
124916,327,59,1
125020,327,163,1
125109,327,252,1
125235,327,378,1
125299,328,59,1
125493,328,253,1
125564,328,324,1
125604,328,364,1
125617,328,377,1
125682,329,59,1
126065,330,59,1
126132,330,126,1
126245,330,239,1
126246,330,240,1
126448,331,59,1
126450,331,61,1
126509,331,120,1
126539,331,150,1
126552,331,163,1
126831,332,59,1
127214,333,59,1
127318,333,163,1
127597,334,59,1
127980,335,59,1
128018,335,97,1
128174,335,253,1
128203,335,282,1
128225,335,304,1
128363,336,59,1
128473,336,169,1
128543,336,239,1
128746,337,59,1
128926,337,239,1
129129,338,59,1
129162,338,92,1
129287,338,217,1
129309,338,239,1
129512,339,59,1
129713,339,260,1
129722,339,269,1
129895,340,59,1
130021,340,185,1
130075,340,239,1
130137,340,301,1
130278,341,59,1
130458,341,239,1
130661,342,59,1
131044,343,59,1
131046,343,61,1
131111,343,126,1
131127,343,142,1
131148,343,163,1
131171,343,186,1
131204,343,219,1
131221,343,236,1
131232,343,247,1
131256,343,271,1
131266,343,281,1
131267,343,282,1
131313,343,328,1
131334,343,349,1
131429,344,61,1
131812,345,61,1
131844,345,93,1
131870,345,119,1
131914,345,163,1
131987,345,236,1
132003,345,252,1
132004,345,253,1
132022,345,271,1
132058,345,307,1
132115,345,364,1
132195,346,61,1
132227,346,93,1
132353,346,219,1
132425,346,291,1
132479,346,345,1
132578,347,61,1
132961,348,61,1
133117,348,217,1
133207,348,307,1
133344,349,61,1
133376,349,93,1
133403,349,120,1
133409,349,126,1
133519,349,236,1
133606,349,323,1
133610,349,327,1
133611,349,328,1
133634,349,351,1
133639,349,356,1
133647,349,364,1
133660,349,377,1
133729,350,63,1
134112,351,63,1
134495,352,63,1
134878,353,63,1
135068,353,253,1
135261,354,63,1
135337,354,139,1
135425,354,227,1
135644,355,63,1
135674,355,93,1
136028,356,64,1
136412,357,65,1
136440,357,93,1
136494,357,147,1
136583,357,236,1
136586,357,239,1
136629,357,282,1
136651,357,304,1
136675,357,328,1
136711,357,364,1
136795,358,65,1
136823,358,93,1
136853,358,123,1
136877,358,147,1
136889,358,159,1
136893,358,163,1
136934,358,204,1
136983,358,253,1
137037,358,307,1
137178,359,65,1
137233,359,120,1
137258,359,145,1
137365,359,252,1
137561,360,65,1
137641,360,145,1
137655,360,159,1
137786,360,290,1
137961,361,82,1
138344,362,82,1
138404,362,142,1
138425,362,163,1
138460,362,198,1
138498,362,236,1
138501,362,239,1
138514,362,252,1
138587,362,325,1
138600,362,338,1
138626,362,364,1
138640,362,378,1
138644,362,382,1
138735,363,90,1
139120,364,92,1
139173,364,145,1
139191,364,163,1
139232,364,204,1
139246,364,218,1
139264,364,236,1
139293,364,265,1
139335,364,307,1
139356,364,328,1
139372,364,344,1
139392,364,364,1
139503,365,92,1
139650,365,239,1
139734,365,323,1
139886,366,92,1
140269,367,92,1
140416,367,239,1
140513,367,336,1
140541,367,364,1
140652,368,92,1
140867,368,307,1
140896,368,336,1
141036,369,93,1
141419,370,93,1
141802,371,93,1
142185,372,93,1
142345,372,253,1
142469,372,377,1
142568,373,93,1
142605,373,130,1
142711,373,236,1
142756,373,281,1
142782,373,307,1
142951,374,93,1
143021,374,163,1
143214,374,356,1
143334,375,93,1
143717,376,93,1
143877,376,253,1
144102,377,95,1
144491,378,101,1
144881,379,108,1
144936,379,163,1
145271,380,115,1
145319,380,163,1
145479,380,323,1
145658,381,119,1
146042,382,120,1
146072,382,150,1
146085,382,163,1
146425,383,120,1
146455,383,150,1
146468,383,163,1
146808,384,120,1
146814,384,126,1
146957,384,269,1
147024,384,336,1
147191,385,120,1
147216,385,145,1
147577,386,123,1
147961,387,124,1
148076,387,239,1
148094,387,257,1
148346,388,126,1
148401,388,181,1
148729,389,126,1
149112,390,126,1
149238,390,252,1
149293,390,307,1
149495,391,126,1
149622,391,253,1
149878,392,126,1
150261,393,126,1
150644,394,126,1
151033,395,132,1
151423,396,139,1
151812,397,145,1
152195,398,145,1
152578,399,145,1
152961,400,145,1
153035,400,219,1
153068,400,252,1
153140,400,324,1
153186,400,370,1
153344,401,145,1
153575,401,376,1
153729,402,147,1
153946,402,364,1
154112,403,147,1
154329,403,364,1
154496,404,148,1
154884,405,153,1
154950,405,219,1
154993,405,262,1
155059,405,328,1
155076,405,345,1
155101,405,370,1
155269,406,155,1
155652,407,155,1
155716,407,219,1
155787,407,290,1
156043,408,163,1
156116,408,236,1
156143,408,263,1
156426,409,163,1
156567,409,304,1
156640,409,377,1
156809,410,163,1
156899,410,253,1
157192,411,163,1
157575,412,163,1
157736,412,324,1
157964,413,169,1
158048,413,253,1
158057,413,262,1
158347,414,169,1
158417,414,239,1
158730,415,169,1
159115,416,171,1
159498,417,171,1
159891,418,181,1
160274,419,181,1
160667,420,191,1
161050,421,191,1
161095,421,236,1
161111,421,252,1
161138,421,279,1
161448,422,206,1
161514,422,272,1
161831,423,206,1
162215,424,207,1
162601,425,210,1
162673,425,282,1
162719,425,328,1
162755,425,364,1
162984,426,210,1
163013,426,239,1
163367,427,210,1
163756,428,216,1
163904,428,364,1
163916,428,376,1
164140,429,217,1
164523,430,217,1
164908,431,219,1
165294,432,222,1
165682,433,227,1
165708,433,253,1
165796,433,341,1
165819,433,364,1
166065,434,227,1
166091,434,253,1
166179,434,341,1
166202,434,364,1
166456,435,235,1
166840,436,236,1
167223,437,236,1
167249,437,262,1
167277,437,290,1
167351,437,364,1
167606,438,236,1
167990,439,237,1
168373,440,237,1
168758,441,239,1
168866,441,347,1
169141,442,239,1
169524,443,239,1
169649,443,364,1
169907,444,239,1
170290,445,239,1
170355,445,304,1
170379,445,328,1
170428,445,377,1
170673,446,239,1
171056,447,239,1
171181,447,364,1
171439,448,239,1
171822,449,239,1
172218,450,252,1
172602,451,253,1
172985,452,253,1
173368,453,253,1
173441,453,326,1
173751,454,253,1
173841,454,343,1
174134,455,253,1
174524,456,260,1
174600,456,336,1
174908,457,261,1
175291,458,261,1
175674,459,261,1
176065,460,269,1
176122,460,326,1
176132,460,336,1
176455,461,276,1
176515,461,336,1
176524,461,345,1
176844,462,282,1
177235,463,290,1
177632,464,304,1
178018,465,307,1
178408,466,314,1
178805,467,328,1
179188,468,328,1
179571,469,328,1
179954,470,328,1
180337,471,328,1
180386,471,377,1
180720,472,328,1
181105,473,330,1
181494,474,336,1
181877,475,336,1
182273,476,349,1
182671,477,364,1
183054,478,364,1
183437,479,364,1
183820,480,364,1
184203,481,364,1
184586,482,364,1
184969,483,364,1
185352,484,364,1
185735,485,364,1
186118,486,364,1
186501,487,364,1
186884,488,364,1
187275,489,372,1
187662,490,376,1
188045,491,376,1
188429,492,377,1
188812,493,377,1
189195,494,377,1
189579,495,378,1
